ANNO;AteneoCOD;AteneoNOME;AteneoREGIONE;AteneoAREAGEO;Classe_Voto_Laurea;Genere;LAU
2024;TTTTT;TOTALE ATENEI;ITALIA;ITALIA;101-105;F;45749
2024;TTTTT;TOTALE ATENEI;ITALIA;ITALIA;101-105;M;31852
2024;TTTTT;TOTALE ATENEI;ITALIA;ITALIA;106-110;F;52394
2024;TTTTT;TOTALE ATENEI;ITALIA;ITALIA;106-110;M;32950
2024;TTTTT;TOTALE ATENEI;ITALIA;ITALIA;110 e lode;F;60776
2024;TTTTT;TOTALE ATENEI;ITALIA;ITALIA;110 e lode;M;35099
2024;TTTTT;TOTALE ATENEI;ITALIA;ITALIA;66-90;F;19887
2024;TTTTT;TOTALE ATENEI;ITALIA;ITALIA;66-90;M;24324
2024;TTTTT;TOTALE ATENEI;ITALIA;ITALIA;91-100;F;60721
2024;TTTTT;TOTALE ATENEI;ITALIA;ITALIA;91-100;M;51628
2024;TTTTT;TOTALE ATENEI;ITALIA;ITALIA;voto non previsto;F;137
2024;TTTTT;TOTALE ATENEI;ITALIA;ITALIA;voto non previsto;M;36
2024;00101;Torino - Università degli studi;Piemonte;NORD-OVEST;91-100;F;2626
2024;00101;Torino - Università degli studi;Piemonte;NORD-OVEST;110 e lode;F;2024
2024;00101;Torino - Università degli studi;Piemonte;NORD-OVEST;66-90;M;747
2024;00101;Torino - Università degli studi;Piemonte;NORD-OVEST;106-110;F;2146
2024;00101;Torino - Università degli studi;Piemonte;NORD-OVEST;110 e lode;M;1079
2024;00101;Torino - Università degli studi;Piemonte;NORD-OVEST;101-105;M;911
2024;00101;Torino - Università degli studi;Piemonte;NORD-OVEST;106-110;M;1014
2024;00101;Torino - Università degli studi;Piemonte;NORD-OVEST;101-105;F;1965
2024;00101;Torino - Università degli studi;Piemonte;NORD-OVEST;91-100;M;1575
2024;00101;Torino - Università degli studi;Piemonte;NORD-OVEST;66-90;F;772
2024;00102;Torino - Politecnico;Piemonte;NORD-OVEST;91-100;F;833
2024;00102;Torino - Politecnico;Piemonte;NORD-OVEST;106-110;F;500
2024;00102;Torino - Politecnico;Piemonte;NORD-OVEST;101-105;F;517
2024;00102;Torino - Politecnico;Piemonte;NORD-OVEST;66-90;F;422
2024;00102;Torino - Politecnico;Piemonte;NORD-OVEST;110 e lode;M;715
2024;00102;Torino - Politecnico;Piemonte;NORD-OVEST;66-90;M;1104
2024;00102;Torino - Politecnico;Piemonte;NORD-OVEST;91-100;M;1644
2024;00102;Torino - Politecnico;Piemonte;NORD-OVEST;106-110;M;962
2024;00102;Torino - Politecnico;Piemonte;NORD-OVEST;101-105;M;916
2024;00102;Torino - Politecnico;Piemonte;NORD-OVEST;110 e lode;F;345
2024;00201;"Vercelli - Università degli studi del Piemonte orientale ""A. Avogadro""";Piemonte;NORD-OVEST;101-105;M;140
2024;00201;"Vercelli - Università degli studi del Piemonte orientale ""A. Avogadro""";Piemonte;NORD-OVEST;106-110;F;263
2024;00201;"Vercelli - Università degli studi del Piemonte orientale ""A. Avogadro""";Piemonte;NORD-OVEST;91-100;F;488
2024;00201;"Vercelli - Università degli studi del Piemonte orientale ""A. Avogadro""";Piemonte;NORD-OVEST;66-90;M;188
2024;00201;"Vercelli - Università degli studi del Piemonte orientale ""A. Avogadro""";Piemonte;NORD-OVEST;106-110;M;134
2024;00201;"Vercelli - Università degli studi del Piemonte orientale ""A. Avogadro""";Piemonte;NORD-OVEST;66-90;F;189
2024;00201;"Vercelli - Università degli studi del Piemonte orientale ""A. Avogadro""";Piemonte;NORD-OVEST;110 e lode;M;133
2024;00201;"Vercelli - Università degli studi del Piemonte orientale ""A. Avogadro""";Piemonte;NORD-OVEST;110 e lode;F;245
2024;00201;"Vercelli - Università degli studi del Piemonte orientale ""A. Avogadro""";Piemonte;NORD-OVEST;91-100;M;306
2024;00201;"Vercelli - Università degli studi del Piemonte orientale ""A. Avogadro""";Piemonte;NORD-OVEST;101-105;F;257
2024;00401;Bra (CN) - Università di Scienze Gastronomiche;Piemonte;NORD-OVEST;106-110;F;13
2024;00401;Bra (CN) - Università di Scienze Gastronomiche;Piemonte;NORD-OVEST;66-90;F;4
2024;00401;Bra (CN) - Università di Scienze Gastronomiche;Piemonte;NORD-OVEST;91-100;M;18
2024;00401;Bra (CN) - Università di Scienze Gastronomiche;Piemonte;NORD-OVEST;91-100;F;15
2024;00401;Bra (CN) - Università di Scienze Gastronomiche;Piemonte;NORD-OVEST;101-105;M;17
2024;00401;Bra (CN) - Università di Scienze Gastronomiche;Piemonte;NORD-OVEST;66-90;M;5
2024;00401;Bra (CN) - Università di Scienze Gastronomiche;Piemonte;NORD-OVEST;101-105;F;13
2024;00401;Bra (CN) - Università di Scienze Gastronomiche;Piemonte;NORD-OVEST;106-110;M;13
2024;00401;Bra (CN) - Università di Scienze Gastronomiche;Piemonte;NORD-OVEST;110 e lode;F;4
2024;00401;Bra (CN) - Università di Scienze Gastronomiche;Piemonte;NORD-OVEST;110 e lode;M;3
2024;00701;Aosta - Università degli studi;Valle d'Aosta;NORD-OVEST;66-90;F;18
2024;00701;Aosta - Università degli studi;Valle d'Aosta;NORD-OVEST;110 e lode;M;9
2024;00701;Aosta - Università degli studi;Valle d'Aosta;NORD-OVEST;110 e lode;F;30
2024;00701;Aosta - Università degli studi;Valle d'Aosta;NORD-OVEST;66-90;M;5
2024;00701;Aosta - Università degli studi;Valle d'Aosta;NORD-OVEST;101-105;F;37
2024;00701;Aosta - Università degli studi;Valle d'Aosta;NORD-OVEST;106-110;F;34
2024;00701;Aosta - Università degli studi;Valle d'Aosta;NORD-OVEST;91-100;M;20
2024;00701;Aosta - Università degli studi;Valle d'Aosta;NORD-OVEST;101-105;M;17
2024;00701;Aosta - Università degli studi;Valle d'Aosta;NORD-OVEST;91-100;F;51
2024;00701;Aosta - Università degli studi;Valle d'Aosta;NORD-OVEST;106-110;M;8
2024;01001;Genova - Università degli studi;Liguria;NORD-OVEST;66-90;F;187
2024;01001;Genova - Università degli studi;Liguria;NORD-OVEST;101-105;F;676
2024;01001;Genova - Università degli studi;Liguria;NORD-OVEST;106-110;F;766
2024;01001;Genova - Università degli studi;Liguria;NORD-OVEST;110 e lode;M;580
2024;01001;Genova - Università degli studi;Liguria;NORD-OVEST;106-110;M;553
2024;01001;Genova - Università degli studi;Liguria;NORD-OVEST;91-100;M;663
2024;01001;Genova - Università degli studi;Liguria;NORD-OVEST;101-105;M;450
2024;01001;Genova - Università degli studi;Liguria;NORD-OVEST;110 e lode;F;985
2024;01001;Genova - Università degli studi;Liguria;NORD-OVEST;66-90;M;266
2024;01001;Genova - Università degli studi;Liguria;NORD-OVEST;91-100;F;881
2024;01201;"Castellanza - Università ""Carlo Cattaneo""";Lombardia;NORD-OVEST;101-105;M;98
2024;01201;"Castellanza - Università ""Carlo Cattaneo""";Lombardia;NORD-OVEST;91-100;M;185
2024;01201;"Castellanza - Università ""Carlo Cattaneo""";Lombardia;NORD-OVEST;110 e lode;F;66
2024;01201;"Castellanza - Università ""Carlo Cattaneo""";Lombardia;NORD-OVEST;106-110;F;81
2024;01201;"Castellanza - Università ""Carlo Cattaneo""";Lombardia;NORD-OVEST;66-90;F;41
2024;01201;"Castellanza - Università ""Carlo Cattaneo""";Lombardia;NORD-OVEST;91-100;F;91
2024;01201;"Castellanza - Università ""Carlo Cattaneo""";Lombardia;NORD-OVEST;66-90;M;145
2024;01201;"Castellanza - Università ""Carlo Cattaneo""";Lombardia;NORD-OVEST;110 e lode;M;63
2024;01201;"Castellanza - Università ""Carlo Cattaneo""";Lombardia;NORD-OVEST;106-110;M;94
2024;01201;"Castellanza - Università ""Carlo Cattaneo""";Lombardia;NORD-OVEST;101-105;F;76
2024;01202;Varese - Università dell' Insubria;Lombardia;NORD-OVEST;106-110;M;146
2024;01202;Varese - Università dell' Insubria;Lombardia;NORD-OVEST;66-90;M;180
2024;01202;Varese - Università dell' Insubria;Lombardia;NORD-OVEST;101-105;F;267
2024;01202;Varese - Università dell' Insubria;Lombardia;NORD-OVEST;66-90;F;103
2024;01202;Varese - Università dell' Insubria;Lombardia;NORD-OVEST;101-105;M;166
2024;01202;Varese - Università dell' Insubria;Lombardia;NORD-OVEST;106-110;F;234
2024;01202;Varese - Università dell' Insubria;Lombardia;NORD-OVEST;91-100;F;316
2024;01202;Varese - Università dell' Insubria;Lombardia;NORD-OVEST;110 e lode;M;178
2024;01202;Varese - Università dell' Insubria;Lombardia;NORD-OVEST;110 e lode;F;345
2024;01202;Varese - Università dell' Insubria;Lombardia;NORD-OVEST;91-100;M;330
2024;01301;"Novedrate (CO) - Università telematica ""e-Campus""";Lombardia;NORD-OVEST;106-110;M;85
2024;01301;"Novedrate (CO) - Università telematica ""e-Campus""";Lombardia;NORD-OVEST;66-90;M;4326
2024;01301;"Novedrate (CO) - Università telematica ""e-Campus""";Lombardia;NORD-OVEST;66-90;F;4267
2024;01301;"Novedrate (CO) - Università telematica ""e-Campus""";Lombardia;NORD-OVEST;110 e lode;F;126
2024;01301;"Novedrate (CO) - Università telematica ""e-Campus""";Lombardia;NORD-OVEST;101-105;F;948
2024;01301;"Novedrate (CO) - Università telematica ""e-Campus""";Lombardia;NORD-OVEST;110 e lode;M;29
2024;01301;"Novedrate (CO) - Università telematica ""e-Campus""";Lombardia;NORD-OVEST;91-100;F;4799
2024;01301;"Novedrate (CO) - Università telematica ""e-Campus""";Lombardia;NORD-OVEST;91-100;M;3164
2024;01301;"Novedrate (CO) - Università telematica ""e-Campus""";Lombardia;NORD-OVEST;101-105;M;411
2024;01301;"Novedrate (CO) - Università telematica ""e-Campus""";Lombardia;NORD-OVEST;voto non previsto;F;3
2024;01301;"Novedrate (CO) - Università telematica ""e-Campus""";Lombardia;NORD-OVEST;106-110;F;279
2024;01501;Milano - Università degli studi;Lombardia;NORD-OVEST;106-110;M;1010
2024;01501;Milano - Università degli studi;Lombardia;NORD-OVEST;66-90;M;419
2024;01501;Milano - Università degli studi;Lombardia;NORD-OVEST;110 e lode;F;1875
2024;01501;Milano - Università degli studi;Lombardia;NORD-OVEST;101-105;F;1439
2024;01501;Milano - Università degli studi;Lombardia;NORD-OVEST;106-110;F;1664
2024;01501;Milano - Università degli studi;Lombardia;NORD-OVEST;91-100;F;1964
2024;01501;Milano - Università degli studi;Lombardia;NORD-OVEST;66-90;F;509
2024;01501;Milano - Università degli studi;Lombardia;NORD-OVEST;101-105;M;851
2024;01501;Milano - Università degli studi;Lombardia;NORD-OVEST;110 e lode;M;1146
2024;01501;Milano - Università degli studi;Lombardia;NORD-OVEST;91-100;M;1273
2024;01502;Milano - Politecnico;Lombardia;NORD-OVEST;106-110;F;1624
2024;01502;Milano - Politecnico;Lombardia;NORD-OVEST;66-90;F;498
2024;01502;Milano - Politecnico;Lombardia;NORD-OVEST;66-90;M;1463
2024;01502;Milano - Politecnico;Lombardia;NORD-OVEST;106-110;M;1850
2024;01502;Milano - Politecnico;Lombardia;NORD-OVEST;110 e lode;M;952
2024;01502;Milano - Politecnico;Lombardia;NORD-OVEST;101-105;M;1643
2024;01502;Milano - Politecnico;Lombardia;NORD-OVEST;91-100;M;2732
2024;01502;Milano - Politecnico;Lombardia;NORD-OVEST;101-105;F;1098
2024;01502;Milano - Politecnico;Lombardia;NORD-OVEST;91-100;F;1310
2024;01502;Milano - Politecnico;Lombardia;NORD-OVEST;110 e lode;F;759
2024;01503;"Milano - Università commerciale ""Luigi Bocconi""";Lombardia;NORD-OVEST;106-110;M;658
2024;01503;"Milano - Università commerciale ""Luigi Bocconi""";Lombardia;NORD-OVEST;91-100;F;502
2024;01503;"Milano - Università commerciale ""Luigi Bocconi""";Lombardia;NORD-OVEST;101-105;F;439
2024;01503;"Milano - Università commerciale ""Luigi Bocconi""";Lombardia;NORD-OVEST;110 e lode;M;712
2024;01503;"Milano - Università commerciale ""Luigi Bocconi""";Lombardia;NORD-OVEST;91-100;M;712
2024;01503;"Milano - Università commerciale ""Luigi Bocconi""";Lombardia;NORD-OVEST;110 e lode;F;417
2024;01503;"Milano - Università commerciale ""Luigi Bocconi""";Lombardia;NORD-OVEST;106-110;F;508
2024;01503;"Milano - Università commerciale ""Luigi Bocconi""";Lombardia;NORD-OVEST;101-105;M;589
2024;01503;"Milano - Università commerciale ""Luigi Bocconi""";Lombardia;NORD-OVEST;66-90;F;184
2024;01503;"Milano - Università commerciale ""Luigi Bocconi""";Lombardia;NORD-OVEST;66-90;M;304
2024;01504;"Milano - Università Cattolica del ""Sacro Cuore""";Lombardia;NORD-OVEST;106-110;F;1904
2024;01504;"Milano - Università Cattolica del ""Sacro Cuore""";Lombardia;NORD-OVEST;106-110;M;721
2024;01504;"Milano - Università Cattolica del ""Sacro Cuore""";Lombardia;NORD-OVEST;110 e lode;F;2512
2024;01504;"Milano - Università Cattolica del ""Sacro Cuore""";Lombardia;NORD-OVEST;91-100;M;1046
2024;01504;"Milano - Università Cattolica del ""Sacro Cuore""";Lombardia;NORD-OVEST;66-90;F;333
2024;01504;"Milano - Università Cattolica del ""Sacro Cuore""";Lombardia;NORD-OVEST;101-105;F;1507
2024;01504;"Milano - Università Cattolica del ""Sacro Cuore""";Lombardia;NORD-OVEST;66-90;M;345
2024;01504;"Milano - Università Cattolica del ""Sacro Cuore""";Lombardia;NORD-OVEST;101-105;M;702
2024;01504;"Milano - Università Cattolica del ""Sacro Cuore""";Lombardia;NORD-OVEST;91-100;F;1573
2024;01504;"Milano - Università Cattolica del ""Sacro Cuore""";Lombardia;NORD-OVEST;110 e lode;M;979
2024;01505;Milano - Libera Università di Lingue e Comunicazione (IULM);Lombardia;NORD-OVEST;101-105;M;94
2024;01505;Milano - Libera Università di Lingue e Comunicazione (IULM);Lombardia;NORD-OVEST;91-100;M;196
2024;01505;Milano - Libera Università di Lingue e Comunicazione (IULM);Lombardia;NORD-OVEST;66-90;M;94
2024;01505;Milano - Libera Università di Lingue e Comunicazione (IULM);Lombardia;NORD-OVEST;110 e lode;M;64
2024;01505;Milano - Libera Università di Lingue e Comunicazione (IULM);Lombardia;NORD-OVEST;101-105;F;423
2024;01505;Milano - Libera Università di Lingue e Comunicazione (IULM);Lombardia;NORD-OVEST;66-90;F;133
2024;01505;Milano - Libera Università di Lingue e Comunicazione (IULM);Lombardia;NORD-OVEST;106-110;F;412
2024;01505;Milano - Libera Università di Lingue e Comunicazione (IULM);Lombardia;NORD-OVEST;91-100;F;638
2024;01505;Milano - Libera Università di Lingue e Comunicazione (IULM);Lombardia;NORD-OVEST;110 e lode;F;283
2024;01505;Milano - Libera Università di Lingue e Comunicazione (IULM);Lombardia;NORD-OVEST;106-110;M;78
2024;01508;Milano - Università Vita-Salute San Raffaele;Lombardia;NORD-OVEST;110 e lode;M;111
2024;01508;Milano - Università Vita-Salute San Raffaele;Lombardia;NORD-OVEST;106-110;M;62
2024;01508;Milano - Università Vita-Salute San Raffaele;Lombardia;NORD-OVEST;66-90;M;3
2024;01508;Milano - Università Vita-Salute San Raffaele;Lombardia;NORD-OVEST;91-100;M;32
2024;01508;Milano - Università Vita-Salute San Raffaele;Lombardia;NORD-OVEST;101-105;M;41
2024;01508;Milano - Università Vita-Salute San Raffaele;Lombardia;NORD-OVEST;91-100;F;89
2024;01508;Milano - Università Vita-Salute San Raffaele;Lombardia;NORD-OVEST;66-90;F;7
2024;01508;Milano - Università Vita-Salute San Raffaele;Lombardia;NORD-OVEST;101-105;F;71
2024;01508;Milano - Università Vita-Salute San Raffaele;Lombardia;NORD-OVEST;106-110;F;199
2024;01508;Milano - Università Vita-Salute San Raffaele;Lombardia;NORD-OVEST;110 e lode;F;212
2024;01509;Milano-Bicocca - Università degli studi;Lombardia;NORD-OVEST;voto non previsto;F;6
2024;01509;Milano-Bicocca - Università degli studi;Lombardia;NORD-OVEST;91-100;M;882
2024;01509;Milano-Bicocca - Università degli studi;Lombardia;NORD-OVEST;101-105;M;514
2024;01509;Milano-Bicocca - Università degli studi;Lombardia;NORD-OVEST;voto non previsto;M;1
2024;01509;Milano-Bicocca - Università degli studi;Lombardia;NORD-OVEST;66-90;F;280
2024;01509;Milano-Bicocca - Università degli studi;Lombardia;NORD-OVEST;110 e lode;F;1301
2024;01509;Milano-Bicocca - Università degli studi;Lombardia;NORD-OVEST;106-110;M;534
2024;01509;Milano-Bicocca - Università degli studi;Lombardia;NORD-OVEST;101-105;F;1027
2024;01509;Milano-Bicocca - Università degli studi;Lombardia;NORD-OVEST;91-100;F;1199
2024;01509;Milano-Bicocca - Università degli studi;Lombardia;NORD-OVEST;106-110;F;1077
2024;01509;Milano-Bicocca - Università degli studi;Lombardia;NORD-OVEST;110 e lode;M;648
2024;01509;Milano-Bicocca - Università degli studi;Lombardia;NORD-OVEST;66-90;M;315
2024;01510;Rozzano (MI) - Humanitas University;Lombardia;NORD-OVEST;91-100;F;41
2024;01510;Rozzano (MI) - Humanitas University;Lombardia;NORD-OVEST;101-105;F;35
2024;01510;Rozzano (MI) - Humanitas University;Lombardia;NORD-OVEST;110 e lode;M;33
2024;01510;Rozzano (MI) - Humanitas University;Lombardia;NORD-OVEST;91-100;M;17
2024;01510;Rozzano (MI) - Humanitas University;Lombardia;NORD-OVEST;101-105;M;30
2024;01510;Rozzano (MI) - Humanitas University;Lombardia;NORD-OVEST;66-90;M;5
2024;01510;Rozzano (MI) - Humanitas University;Lombardia;NORD-OVEST;106-110;F;53
2024;01510;Rozzano (MI) - Humanitas University;Lombardia;NORD-OVEST;66-90;F;6
2024;01510;Rozzano (MI) - Humanitas University;Lombardia;NORD-OVEST;106-110;M;28
2024;01510;Rozzano (MI) - Humanitas University;Lombardia;NORD-OVEST;110 e lode;F;77
2024;01601;Bergamo - Università degli studi;Lombardia;NORD-OVEST;106-110;M;191
2024;01601;Bergamo - Università degli studi;Lombardia;NORD-OVEST;66-90;F;317
2024;01601;Bergamo - Università degli studi;Lombardia;NORD-OVEST;101-105;M;236
2024;01601;Bergamo - Università degli studi;Lombardia;NORD-OVEST;91-100;M;454
2024;01601;Bergamo - Università degli studi;Lombardia;NORD-OVEST;91-100;F;786
2024;01601;Bergamo - Università degli studi;Lombardia;NORD-OVEST;110 e lode;M;206
2024;01601;Bergamo - Università degli studi;Lombardia;NORD-OVEST;106-110;F;492
2024;01601;Bergamo - Università degli studi;Lombardia;NORD-OVEST;66-90;M;386
2024;01601;Bergamo - Università degli studi;Lombardia;NORD-OVEST;110 e lode;F;465
2024;01601;Bergamo - Università degli studi;Lombardia;NORD-OVEST;101-105;F;528
2024;01701;Brescia - Università degli studi;Lombardia;NORD-OVEST;106-110;M;192
2024;01701;Brescia - Università degli studi;Lombardia;NORD-OVEST;91-100;M;465
2024;01701;Brescia - Università degli studi;Lombardia;NORD-OVEST;101-105;M;242
2024;01701;Brescia - Università degli studi;Lombardia;NORD-OVEST;106-110;F;276
2024;01701;Brescia - Università degli studi;Lombardia;NORD-OVEST;66-90;M;325
2024;01701;Brescia - Università degli studi;Lombardia;NORD-OVEST;91-100;F;344
2024;01701;Brescia - Università degli studi;Lombardia;NORD-OVEST;101-105;F;267
2024;01701;Brescia - Università degli studi;Lombardia;NORD-OVEST;110 e lode;M;229
2024;01701;Brescia - Università degli studi;Lombardia;NORD-OVEST;66-90;F;197
2024;01701;Brescia - Università degli studi;Lombardia;NORD-OVEST;110 e lode;F;314
2024;01801;Pavia - Università degli studi;Lombardia;NORD-OVEST;101-105;F;599
2024;01801;Pavia - Università degli studi;Lombardia;NORD-OVEST;110 e lode;M;421
2024;01801;Pavia - Università degli studi;Lombardia;NORD-OVEST;106-110;M;442
2024;01801;Pavia - Università degli studi;Lombardia;NORD-OVEST;66-90;M;257
2024;01801;Pavia - Università degli studi;Lombardia;NORD-OVEST;91-100;F;782
2024;01801;Pavia - Università degli studi;Lombardia;NORD-OVEST;66-90;F;213
2024;01801;Pavia - Università degli studi;Lombardia;NORD-OVEST;110 e lode;F;866
2024;01801;Pavia - Università degli studi;Lombardia;NORD-OVEST;voto non previsto;M;1
2024;01801;Pavia - Università degli studi;Lombardia;NORD-OVEST;106-110;F;732
2024;01801;Pavia - Università degli studi;Lombardia;NORD-OVEST;101-105;M;368
2024;01801;Pavia - Università degli studi;Lombardia;NORD-OVEST;voto non previsto;F;7
2024;01801;Pavia - Università degli studi;Lombardia;NORD-OVEST;91-100;M;609
2024;02101;Bolzano - Libera Università;Trentino Alto Adige;NORD-EST;101-105;M;44
2024;02101;Bolzano - Libera Università;Trentino Alto Adige;NORD-EST;110 e lode;M;38
2024;02101;Bolzano - Libera Università;Trentino Alto Adige;NORD-EST;91-100;M;70
2024;02101;Bolzano - Libera Università;Trentino Alto Adige;NORD-EST;110 e lode;F;77
2024;02101;Bolzano - Libera Università;Trentino Alto Adige;NORD-EST;106-110;M;53
2024;02101;Bolzano - Libera Università;Trentino Alto Adige;NORD-EST;66-90;M;18
2024;02101;Bolzano - Libera Università;Trentino Alto Adige;NORD-EST;101-105;F;139
2024;02101;Bolzano - Libera Università;Trentino Alto Adige;NORD-EST;91-100;F;148
2024;02101;Bolzano - Libera Università;Trentino Alto Adige;NORD-EST;66-90;F;38
2024;02101;Bolzano - Libera Università;Trentino Alto Adige;NORD-EST;106-110;F;162
2024;02201;Trento - Università degli studi;Trentino Alto Adige;NORD-EST;106-110;M;437
2024;02201;Trento - Università degli studi;Trentino Alto Adige;NORD-EST;91-100;F;446
2024;02201;Trento - Università degli studi;Trentino Alto Adige;NORD-EST;66-90;M;137
2024;02201;Trento - Università degli studi;Trentino Alto Adige;NORD-EST;110 e lode;F;574
2024;02201;Trento - Università degli studi;Trentino Alto Adige;NORD-EST;66-90;F;100
2024;02201;Trento - Università degli studi;Trentino Alto Adige;NORD-EST;101-105;F;348
2024;02201;Trento - Università degli studi;Trentino Alto Adige;NORD-EST;110 e lode;M;484
2024;02201;Trento - Università degli studi;Trentino Alto Adige;NORD-EST;91-100;M;522
2024;02201;Trento - Università degli studi;Trentino Alto Adige;NORD-EST;101-105;M;365
2024;02201;Trento - Università degli studi;Trentino Alto Adige;NORD-EST;106-110;F;514
2024;02301;Verona - Università degli studi;Veneto;NORD-EST;66-90;F;257
2024;02301;Verona - Università degli studi;Veneto;NORD-EST;101-105;F;689
2024;02301;Verona - Università degli studi;Veneto;NORD-EST;106-110;F;717
2024;02301;Verona - Università degli studi;Veneto;NORD-EST;66-90;M;228
2024;02301;Verona - Università degli studi;Veneto;NORD-EST;110 e lode;F;940
2024;02301;Verona - Università degli studi;Veneto;NORD-EST;106-110;M;268
2024;02301;Verona - Università degli studi;Veneto;NORD-EST;91-100;F;943
2024;02301;Verona - Università degli studi;Veneto;NORD-EST;110 e lode;M;379
2024;02301;Verona - Università degli studi;Veneto;NORD-EST;91-100;M;490
2024;02301;Verona - Università degli studi;Veneto;NORD-EST;101-105;M;322
2024;02701;Venezia - Università Ca' Foscari Venezia;Veneto;NORD-EST;110 e lode;F;1096
2024;02701;Venezia - Università Ca' Foscari Venezia;Veneto;NORD-EST;91-100;M;437
2024;02701;Venezia - Università Ca' Foscari Venezia;Veneto;NORD-EST;110 e lode;M;470
2024;02701;Venezia - Università Ca' Foscari Venezia;Veneto;NORD-EST;101-105;M;268
2024;02701;Venezia - Università Ca' Foscari Venezia;Veneto;NORD-EST;106-110;M;318
2024;02701;Venezia - Università Ca' Foscari Venezia;Veneto;NORD-EST;66-90;F;194
2024;02701;Venezia - Università Ca' Foscari Venezia;Veneto;NORD-EST;106-110;F;787
2024;02701;Venezia - Università Ca' Foscari Venezia;Veneto;NORD-EST;66-90;M;175
2024;02701;Venezia - Università Ca' Foscari Venezia;Veneto;NORD-EST;91-100;F;667
2024;02701;Venezia - Università Ca' Foscari Venezia;Veneto;NORD-EST;101-105;F;508
2024;02702;Venezia - Università IUAV;Veneto;NORD-EST;101-105;M;142
2024;02702;Venezia - Università IUAV;Veneto;NORD-EST;66-90;F;3
2024;02702;Venezia - Università IUAV;Veneto;NORD-EST;91-100;M;86
2024;02702;Venezia - Università IUAV;Veneto;NORD-EST;110 e lode;F;229
2024;02702;Venezia - Università IUAV;Veneto;NORD-EST;91-100;F;106
2024;02702;Venezia - Università IUAV;Veneto;NORD-EST;106-110;F;335
2024;02702;Venezia - Università IUAV;Veneto;NORD-EST;66-90;M;6
2024;02702;Venezia - Università IUAV;Veneto;NORD-EST;106-110;M;182
2024;02702;Venezia - Università IUAV;Veneto;NORD-EST;110 e lode;M;116
2024;02702;Venezia - Università IUAV;Veneto;NORD-EST;101-105;F;167
2024;02801;Padova - Università degli studi;Veneto;NORD-EST;66-90;F;646
2024;02801;Padova - Università degli studi;Veneto;NORD-EST;91-100;M;1914
2024;02801;Padova - Università degli studi;Veneto;NORD-EST;101-105;M;1179
2024;02801;Padova - Università degli studi;Veneto;NORD-EST;106-110;M;1419
2024;02801;Padova - Università degli studi;Veneto;NORD-EST;66-90;M;988
2024;02801;Padova - Università degli studi;Veneto;NORD-EST;voto non previsto;F;8
2024;02801;Padova - Università degli studi;Veneto;NORD-EST;110 e lode;M;1258
2024;02801;Padova - Università degli studi;Veneto;NORD-EST;91-100;F;2177
2024;02801;Padova - Università degli studi;Veneto;NORD-EST;106-110;F;2203
2024;02801;Padova - Università degli studi;Veneto;NORD-EST;101-105;F;1769
2024;02801;Padova - Università degli studi;Veneto;NORD-EST;voto non previsto;M;7
2024;02801;Padova - Università degli studi;Veneto;NORD-EST;110 e lode;F;2238
2024;03001;Udine - Università degli studi;Friuli Venezia Giulia;NORD-EST;66-90;F;140
2024;03001;Udine - Università degli studi;Friuli Venezia Giulia;NORD-EST;106-110;F;353
2024;03001;Udine - Università degli studi;Friuli Venezia Giulia;NORD-EST;101-105;F;354
2024;03001;Udine - Università degli studi;Friuli Venezia Giulia;NORD-EST;110 e lode;M;234
2024;03001;Udine - Università degli studi;Friuli Venezia Giulia;NORD-EST;91-100;F;400
2024;03001;Udine - Università degli studi;Friuli Venezia Giulia;NORD-EST;66-90;M;177
2024;03001;Udine - Università degli studi;Friuli Venezia Giulia;NORD-EST;101-105;M;221
2024;03001;Udine - Università degli studi;Friuli Venezia Giulia;NORD-EST;91-100;M;385
2024;03001;Udine - Università degli studi;Friuli Venezia Giulia;NORD-EST;voto non previsto;F;4
2024;03001;Udine - Università degli studi;Friuli Venezia Giulia;NORD-EST;110 e lode;F;426
2024;03001;Udine - Università degli studi;Friuli Venezia Giulia;NORD-EST;106-110;M;240
2024;03001;Udine - Università degli studi;Friuli Venezia Giulia;NORD-EST;voto non previsto;M;4
2024;03201;Trieste - Università degli studi;Friuli Venezia Giulia;NORD-EST;voto non previsto;M;1
2024;03201;Trieste - Università degli studi;Friuli Venezia Giulia;NORD-EST;101-105;M;241
2024;03201;Trieste - Università degli studi;Friuli Venezia Giulia;NORD-EST;110 e lode;F;491
2024;03201;Trieste - Università degli studi;Friuli Venezia Giulia;NORD-EST;110 e lode;M;377
2024;03201;Trieste - Università degli studi;Friuli Venezia Giulia;NORD-EST;66-90;F;145
2024;03201;Trieste - Università degli studi;Friuli Venezia Giulia;NORD-EST;106-110;F;415
2024;03201;Trieste - Università degli studi;Friuli Venezia Giulia;NORD-EST;66-90;M;128
2024;03201;Trieste - Università degli studi;Friuli Venezia Giulia;NORD-EST;101-105;F;356
2024;03201;Trieste - Università degli studi;Friuli Venezia Giulia;NORD-EST;91-100;F;485
2024;03201;Trieste - Università degli studi;Friuli Venezia Giulia;NORD-EST;91-100;M;321
2024;03201;Trieste - Università degli studi;Friuli Venezia Giulia;NORD-EST;voto non previsto;F;2
2024;03201;Trieste - Università degli studi;Friuli Venezia Giulia;NORD-EST;106-110;M;252
2024;03401;Parma - Università degli studi;Emilia Romagna;NORD-EST;110 e lode;F;731
2024;03401;Parma - Università degli studi;Emilia Romagna;NORD-EST;91-100;M;739
2024;03401;Parma - Università degli studi;Emilia Romagna;NORD-EST;66-90;M;344
2024;03401;Parma - Università degli studi;Emilia Romagna;NORD-EST;voto non previsto;F;88
2024;03401;Parma - Università degli studi;Emilia Romagna;NORD-EST;110 e lode;M;432
2024;03401;Parma - Università degli studi;Emilia Romagna;NORD-EST;106-110;M;410
2024;03401;Parma - Università degli studi;Emilia Romagna;NORD-EST;voto non previsto;M;11
2024;03401;Parma - Università degli studi;Emilia Romagna;NORD-EST;101-105;M;442
2024;03401;Parma - Università degli studi;Emilia Romagna;NORD-EST;66-90;F;339
2024;03401;Parma - Università degli studi;Emilia Romagna;NORD-EST;106-110;F;821
2024;03401;Parma - Università degli studi;Emilia Romagna;NORD-EST;101-105;F;744
2024;03401;Parma - Università degli studi;Emilia Romagna;NORD-EST;91-100;F;998
2024;03601;Modena e Reggio Emilia - Università degli studi;Emilia Romagna;NORD-EST;110 e lode;M;455
2024;03601;Modena e Reggio Emilia - Università degli studi;Emilia Romagna;NORD-EST;91-100;M;825
2024;03601;Modena e Reggio Emilia - Università degli studi;Emilia Romagna;NORD-EST;101-105;M;495
2024;03601;Modena e Reggio Emilia - Università degli studi;Emilia Romagna;NORD-EST;voto non previsto;F;6
2024;03601;Modena e Reggio Emilia - Università degli studi;Emilia Romagna;NORD-EST;106-110;M;530
2024;03601;Modena e Reggio Emilia - Università degli studi;Emilia Romagna;NORD-EST;voto non previsto;M;3
2024;03601;Modena e Reggio Emilia - Università degli studi;Emilia Romagna;NORD-EST;66-90;F;326
2024;03601;Modena e Reggio Emilia - Università degli studi;Emilia Romagna;NORD-EST;91-100;F;888
2024;03601;Modena e Reggio Emilia - Università degli studi;Emilia Romagna;NORD-EST;101-105;F;620
2024;03601;Modena e Reggio Emilia - Università degli studi;Emilia Romagna;NORD-EST;106-110;F;682
2024;03601;Modena e Reggio Emilia - Università degli studi;Emilia Romagna;NORD-EST;66-90;M;415
2024;03601;Modena e Reggio Emilia - Università degli studi;Emilia Romagna;NORD-EST;110 e lode;F;622
2024;03701;Bologna - Università degli studi;Emilia Romagna;NORD-EST;101-105;F;2249
2024;03701;Bologna - Università degli studi;Emilia Romagna;NORD-EST;106-110;M;1874
2024;03701;Bologna - Università degli studi;Emilia Romagna;NORD-EST;66-90;F;604
2024;03701;Bologna - Università degli studi;Emilia Romagna;NORD-EST;91-100;F;2232
2024;03701;Bologna - Università degli studi;Emilia Romagna;NORD-EST;110 e lode;F;3782
2024;03701;Bologna - Università degli studi;Emilia Romagna;NORD-EST;110 e lode;M;2292
2024;03701;Bologna - Università degli studi;Emilia Romagna;NORD-EST;66-90;M;726
2024;03701;Bologna - Università degli studi;Emilia Romagna;NORD-EST;101-105;M;1708
2024;03701;Bologna - Università degli studi;Emilia Romagna;NORD-EST;91-100;M;2068
2024;03701;Bologna - Università degli studi;Emilia Romagna;NORD-EST;106-110;F;2923
2024;03801;Ferrara - Università degli studi;Emilia Romagna;NORD-EST;91-100;M;746
2024;03801;Ferrara - Università degli studi;Emilia Romagna;NORD-EST;101-105;M;369
2024;03801;Ferrara - Università degli studi;Emilia Romagna;NORD-EST;voto non previsto;F;1
2024;03801;Ferrara - Università degli studi;Emilia Romagna;NORD-EST;66-90;M;322
2024;03801;Ferrara - Università degli studi;Emilia Romagna;NORD-EST;106-110;M;321
2024;03801;Ferrara - Università degli studi;Emilia Romagna;NORD-EST;101-105;F;696
2024;03801;Ferrara - Università degli studi;Emilia Romagna;NORD-EST;91-100;F;1037
2024;03801;Ferrara - Università degli studi;Emilia Romagna;NORD-EST;110 e lode;F;693
2024;03801;Ferrara - Università degli studi;Emilia Romagna;NORD-EST;106-110;F;583
2024;03801;Ferrara - Università degli studi;Emilia Romagna;NORD-EST;voto non previsto;M;1
2024;03801;Ferrara - Università degli studi;Emilia Romagna;NORD-EST;110 e lode;M;284
2024;03801;Ferrara - Università degli studi;Emilia Romagna;NORD-EST;66-90;F;336
2024;04101;"Urbino - Università degli studi ""Carlo Bo""";Marche;CENTRO;voto non previsto;F;1
2024;04101;"Urbino - Università degli studi ""Carlo Bo""";Marche;CENTRO;101-105;M;138
2024;04101;"Urbino - Università degli studi ""Carlo Bo""";Marche;CENTRO;91-100;F;650
2024;04101;"Urbino - Università degli studi ""Carlo Bo""";Marche;CENTRO;101-105;F;452
2024;04101;"Urbino - Università degli studi ""Carlo Bo""";Marche;CENTRO;66-90;F;143
2024;04101;"Urbino - Università degli studi ""Carlo Bo""";Marche;CENTRO;106-110;F;403
2024;04101;"Urbino - Università degli studi ""Carlo Bo""";Marche;CENTRO;91-100;M;379
2024;04101;"Urbino - Università degli studi ""Carlo Bo""";Marche;CENTRO;110 e lode;F;365
2024;04101;"Urbino - Università degli studi ""Carlo Bo""";Marche;CENTRO;106-110;M;139
2024;04101;"Urbino - Università degli studi ""Carlo Bo""";Marche;CENTRO;110 e lode;M;112
2024;04101;"Urbino - Università degli studi ""Carlo Bo""";Marche;CENTRO;66-90;M;170
2024;04201;Ancona - Università Politecnica delle Marche;Marche;CENTRO;101-105;F;216
2024;04201;Ancona - Università Politecnica delle Marche;Marche;CENTRO;91-100;F;249
2024;04201;Ancona - Università Politecnica delle Marche;Marche;CENTRO;110 e lode;M;378
2024;04201;Ancona - Università Politecnica delle Marche;Marche;CENTRO;101-105;M;240
2024;04201;Ancona - Università Politecnica delle Marche;Marche;CENTRO;91-100;M;371
2024;04201;Ancona - Università Politecnica delle Marche;Marche;CENTRO;106-110;M;269
2024;04201;Ancona - Università Politecnica delle Marche;Marche;CENTRO;66-90;F;85
2024;04201;Ancona - Università Politecnica delle Marche;Marche;CENTRO;110 e lode;F;464
2024;04201;Ancona - Università Politecnica delle Marche;Marche;CENTRO;66-90;M;160
2024;04201;Ancona - Università Politecnica delle Marche;Marche;CENTRO;106-110;F;302
2024;04301;Macerata - Università degli studi;Marche;CENTRO;66-90;M;21
2024;04301;Macerata - Università degli studi;Marche;CENTRO;106-110;M;60
2024;04301;Macerata - Università degli studi;Marche;CENTRO;106-110;F;333
2024;04301;Macerata - Università degli studi;Marche;CENTRO;101-105;F;319
2024;04301;Macerata - Università degli studi;Marche;CENTRO;91-100;F;330
2024;04301;Macerata - Università degli studi;Marche;CENTRO;110 e lode;M;140
2024;04301;Macerata - Università degli studi;Marche;CENTRO;110 e lode;F;463
2024;04301;Macerata - Università degli studi;Marche;CENTRO;101-105;M;96
2024;04301;Macerata - Università degli studi;Marche;CENTRO;91-100;M;105
2024;04301;Macerata - Università degli studi;Marche;CENTRO;66-90;F;42
2024;04302;Camerino - Università degli studi;Marche;CENTRO;110 e lode;F;151
2024;04302;Camerino - Università degli studi;Marche;CENTRO;66-90;M;40
2024;04302;Camerino - Università degli studi;Marche;CENTRO;101-105;F;83
2024;04302;Camerino - Università degli studi;Marche;CENTRO;106-110;M;100
2024;04302;Camerino - Università degli studi;Marche;CENTRO;91-100;F;80
2024;04302;Camerino - Università degli studi;Marche;CENTRO;66-90;F;30
2024;04302;Camerino - Università degli studi;Marche;CENTRO;91-100;M;132
2024;04302;Camerino - Università degli studi;Marche;CENTRO;110 e lode;M;112
2024;04302;Camerino - Università degli studi;Marche;CENTRO;101-105;M;85
2024;04302;Camerino - Università degli studi;Marche;CENTRO;106-110;F;118
2024;04801;Firenze - Università degli studi;Toscana;CENTRO;91-100;M;950
2024;04801;Firenze - Università degli studi;Toscana;CENTRO;101-105;M;825
2024;04801;Firenze - Università degli studi;Toscana;CENTRO;106-110;M;864
2024;04801;Firenze - Università degli studi;Toscana;CENTRO;101-105;F;1286
2024;04801;Firenze - Università degli studi;Toscana;CENTRO;91-100;F;1337
2024;04801;Firenze - Università degli studi;Toscana;CENTRO;66-90;M;255
2024;04801;Firenze - Università degli studi;Toscana;CENTRO;110 e lode;F;1551
2024;04801;Firenze - Università degli studi;Toscana;CENTRO;106-110;F;1409
2024;04801;Firenze - Università degli studi;Toscana;CENTRO;66-90;F;268
2024;04801;Firenze - Università degli studi;Toscana;CENTRO;110 e lode;M;959
2024;04804;"Firenze - Università telematica ""Italian University line""";Toscana;CENTRO;106-110;F;55
2024;04804;"Firenze - Università telematica ""Italian University line""";Toscana;CENTRO;101-105;F;36
2024;04804;"Firenze - Università telematica ""Italian University line""";Toscana;CENTRO;91-100;F;26
2024;04804;"Firenze - Università telematica ""Italian University line""";Toscana;CENTRO;91-100;M;16
2024;04804;"Firenze - Università telematica ""Italian University line""";Toscana;CENTRO;101-105;M;15
2024;04804;"Firenze - Università telematica ""Italian University line""";Toscana;CENTRO;66-90;F;3
2024;04804;"Firenze - Università telematica ""Italian University line""";Toscana;CENTRO;110 e lode;F;86
2024;04804;"Firenze - Università telematica ""Italian University line""";Toscana;CENTRO;106-110;M;16
2024;04804;"Firenze - Università telematica ""Italian University line""";Toscana;CENTRO;110 e lode;M;25
2024;04804;"Firenze - Università telematica ""Italian University line""";Toscana;CENTRO;66-90;M;4
2024;05001;Pisa - Università;Toscana;CENTRO;101-105;M;638
2024;05001;Pisa - Università;Toscana;CENTRO;91-100;M;849
2024;05001;Pisa - Università;Toscana;CENTRO;110 e lode;F;1243
2024;05001;Pisa - Università;Toscana;CENTRO;106-110;M;865
2024;05001;Pisa - Università;Toscana;CENTRO;voto non previsto;M;1
2024;05001;Pisa - Università;Toscana;CENTRO;66-90;M;190
2024;05001;Pisa - Università;Toscana;CENTRO;110 e lode;M;1048
2024;05001;Pisa - Università;Toscana;CENTRO;66-90;F;132
2024;05001;Pisa - Università;Toscana;CENTRO;106-110;F;908
2024;05001;Pisa - Università;Toscana;CENTRO;101-105;F;715
2024;05001;Pisa - Università;Toscana;CENTRO;91-100;F;748
2024;05201;Siena - Università degli studi;Toscana;CENTRO;91-100;M;247
2024;05201;Siena - Università degli studi;Toscana;CENTRO;110 e lode;F;637
2024;05201;Siena - Università degli studi;Toscana;CENTRO;101-105;M;205
2024;05201;Siena - Università degli studi;Toscana;CENTRO;110 e lode;M;246
2024;05201;Siena - Università degli studi;Toscana;CENTRO;106-110;F;542
2024;05201;Siena - Università degli studi;Toscana;CENTRO;voto non previsto;F;1
2024;05201;Siena - Università degli studi;Toscana;CENTRO;66-90;M;123
2024;05201;Siena - Università degli studi;Toscana;CENTRO;106-110;M;264
2024;05201;Siena - Università degli studi;Toscana;CENTRO;91-100;F;404
2024;05201;Siena - Università degli studi;Toscana;CENTRO;66-90;F;102
2024;05201;Siena - Università degli studi;Toscana;CENTRO;101-105;F;407
2024;05202;Siena - Università per stranieri;Toscana;CENTRO;91-100;F;80
2024;05202;Siena - Università per stranieri;Toscana;CENTRO;110 e lode;M;13
2024;05202;Siena - Università per stranieri;Toscana;CENTRO;101-105;F;68
2024;05202;Siena - Università per stranieri;Toscana;CENTRO;66-90;M;3
2024;05202;Siena - Università per stranieri;Toscana;CENTRO;66-90;F;7
2024;05202;Siena - Università per stranieri;Toscana;CENTRO;110 e lode;F;98
2024;05202;Siena - Università per stranieri;Toscana;CENTRO;101-105;M;5
2024;05202;Siena - Università per stranieri;Toscana;CENTRO;91-100;M;18
2024;05202;Siena - Università per stranieri;Toscana;CENTRO;106-110;F;55
2024;05202;Siena - Università per stranieri;Toscana;CENTRO;106-110;M;8
2024;05401;Perugia - Università degli studi;Umbria;CENTRO;101-105;F;556
2024;05401;Perugia - Università degli studi;Umbria;CENTRO;66-90;F;137
2024;05401;Perugia - Università degli studi;Umbria;CENTRO;101-105;M;306
2024;05401;Perugia - Università degli studi;Umbria;CENTRO;106-110;F;616
2024;05401;Perugia - Università degli studi;Umbria;CENTRO;91-100;F;717
2024;05401;Perugia - Università degli studi;Umbria;CENTRO;110 e lode;F;812
2024;05401;Perugia - Università degli studi;Umbria;CENTRO;91-100;M;439
2024;05401;Perugia - Università degli studi;Umbria;CENTRO;106-110;M;326
2024;05401;Perugia - Università degli studi;Umbria;CENTRO;66-90;M;128
2024;05401;Perugia - Università degli studi;Umbria;CENTRO;110 e lode;M;458
2024;05403;Perugia - Università per stranieri;Umbria;CENTRO;106-110;M;12
2024;05403;Perugia - Università per stranieri;Umbria;CENTRO;101-105;M;7
2024;05403;Perugia - Università per stranieri;Umbria;CENTRO;91-100;F;23
2024;05403;Perugia - Università per stranieri;Umbria;CENTRO;110 e lode;M;17
2024;05403;Perugia - Università per stranieri;Umbria;CENTRO;91-100;M;11
2024;05403;Perugia - Università per stranieri;Umbria;CENTRO;101-105;F;24
2024;05403;Perugia - Università per stranieri;Umbria;CENTRO;66-90;F;4
2024;05403;Perugia - Università per stranieri;Umbria;CENTRO;110 e lode;F;76
2024;05403;Perugia - Università per stranieri;Umbria;CENTRO;106-110;F;37
2024;05403;Perugia - Università per stranieri;Umbria;CENTRO;66-90;M;4
2024;05601;Viterbo - Università della Tuscia;Lazio;CENTRO;91-100;F;145
2024;05601;Viterbo - Università della Tuscia;Lazio;CENTRO;66-90;M;35
2024;05601;Viterbo - Università della Tuscia;Lazio;CENTRO;101-105;M;166
2024;05601;Viterbo - Università della Tuscia;Lazio;CENTRO;110 e lode;F;308
2024;05601;Viterbo - Università della Tuscia;Lazio;CENTRO;106-110;F;183
2024;05601;Viterbo - Università della Tuscia;Lazio;CENTRO;66-90;F;36
2024;05601;Viterbo - Università della Tuscia;Lazio;CENTRO;91-100;M;135
2024;05601;Viterbo - Università della Tuscia;Lazio;CENTRO;106-110;M;207
2024;05601;Viterbo - Università della Tuscia;Lazio;CENTRO;101-105;F;161
2024;05601;Viterbo - Università della Tuscia;Lazio;CENTRO;110 e lode;M;188
2024;05801;"Roma - Università degli studi ""La Sapienza""";Lazio;CENTRO;66-90;F;764
2024;05801;"Roma - Università degli studi ""La Sapienza""";Lazio;CENTRO;106-110;M;1812
2024;05801;"Roma - Università degli studi ""La Sapienza""";Lazio;CENTRO;101-105;M;1343
2024;05801;"Roma - Università degli studi ""La Sapienza""";Lazio;CENTRO;110 e lode;M;2502
2024;05801;"Roma - Università degli studi ""La Sapienza""";Lazio;CENTRO;91-100;M;1937
2024;05801;"Roma - Università degli studi ""La Sapienza""";Lazio;CENTRO;101-105;F;2229
2024;05801;"Roma - Università degli studi ""La Sapienza""";Lazio;CENTRO;91-100;F;2738
2024;05801;"Roma - Università degli studi ""La Sapienza""";Lazio;CENTRO;110 e lode;F;4559
2024;05801;"Roma - Università degli studi ""La Sapienza""";Lazio;CENTRO;106-110;F;2951
2024;05801;"Roma - Università degli studi ""La Sapienza""";Lazio;CENTRO;66-90;M;935
2024;05802;"Roma - Università degli studi di ""Tor Vergata""";Lazio;CENTRO;106-110;M;507
2024;05802;"Roma - Università degli studi di ""Tor Vergata""";Lazio;CENTRO;66-90;F;224
2024;05802;"Roma - Università degli studi di ""Tor Vergata""";Lazio;CENTRO;101-105;F;540
2024;05802;"Roma - Università degli studi di ""Tor Vergata""";Lazio;CENTRO;91-100;F;577
2024;05802;"Roma - Università degli studi di ""Tor Vergata""";Lazio;CENTRO;66-90;M;235
2024;05802;"Roma - Università degli studi di ""Tor Vergata""";Lazio;CENTRO;110 e lode;M;648
2024;05802;"Roma - Università degli studi di ""Tor Vergata""";Lazio;CENTRO;101-105;M;416
2024;05802;"Roma - Università degli studi di ""Tor Vergata""";Lazio;CENTRO;91-100;M;509
2024;05802;"Roma - Università degli studi di ""Tor Vergata""";Lazio;CENTRO;110 e lode;F;995
2024;05802;"Roma - Università degli studi di ""Tor Vergata""";Lazio;CENTRO;106-110;F;743
2024;05803;Roma - Libera Università Maria SS.Assunta (LUMSA);Lazio;CENTRO;101-105;M;113
2024;05803;Roma - Libera Università Maria SS.Assunta (LUMSA);Lazio;CENTRO;106-110;F;392
2024;05803;Roma - Libera Università Maria SS.Assunta (LUMSA);Lazio;CENTRO;110 e lode;F;669
2024;05803;Roma - Libera Università Maria SS.Assunta (LUMSA);Lazio;CENTRO;91-100;M;146
2024;05803;Roma - Libera Università Maria SS.Assunta (LUMSA);Lazio;CENTRO;66-90;F;39
2024;05803;Roma - Libera Università Maria SS.Assunta (LUMSA);Lazio;CENTRO;110 e lode;M;152
2024;05803;Roma - Libera Università Maria SS.Assunta (LUMSA);Lazio;CENTRO;91-100;F;218
2024;05803;Roma - Libera Università Maria SS.Assunta (LUMSA);Lazio;CENTRO;voto non previsto;F;1
2024;05803;Roma - Libera Università Maria SS.Assunta (LUMSA);Lazio;CENTRO;66-90;M;50
2024;05803;Roma - Libera Università Maria SS.Assunta (LUMSA);Lazio;CENTRO;101-105;F;287
2024;05803;Roma - Libera Università Maria SS.Assunta (LUMSA);Lazio;CENTRO;106-110;M;98
2024;05805;Roma - Luiss Libera Università internazionale degli studi sociali Guido Carli;Lazio;CENTRO;91-100;M;320
2024;05805;Roma - Luiss Libera Università internazionale degli studi sociali Guido Carli;Lazio;CENTRO;106-110;M;506
2024;05805;Roma - Luiss Libera Università internazionale degli studi sociali Guido Carli;Lazio;CENTRO;66-90;F;27
2024;05805;Roma - Luiss Libera Università internazionale degli studi sociali Guido Carli;Lazio;CENTRO;101-105;M;297
2024;05805;Roma - Luiss Libera Università internazionale degli studi sociali Guido Carli;Lazio;CENTRO;110 e lode;M;477
2024;05805;Roma - Luiss Libera Università internazionale degli studi sociali Guido Carli;Lazio;CENTRO;91-100;F;201
2024;05805;Roma - Luiss Libera Università internazionale degli studi sociali Guido Carli;Lazio;CENTRO;110 e lode;F;567
2024;05805;Roma - Luiss Libera Università internazionale degli studi sociali Guido Carli;Lazio;CENTRO;66-90;M;113
2024;05805;Roma - Luiss Libera Università internazionale degli studi sociali Guido Carli;Lazio;CENTRO;106-110;F;482
2024;05805;Roma - Luiss Libera Università internazionale degli studi sociali Guido Carli;Lazio;CENTRO;101-105;F;236
2024;05806;"Roma - Università degli studi del ""Foro Italico""";Lazio;CENTRO;101-105;F;29
2024;05806;"Roma - Università degli studi del ""Foro Italico""";Lazio;CENTRO;106-110;M;62
2024;05806;"Roma - Università degli studi del ""Foro Italico""";Lazio;CENTRO;91-100;F;36
2024;05806;"Roma - Università degli studi del ""Foro Italico""";Lazio;CENTRO;66-90;F;4
2024;05806;"Roma - Università degli studi del ""Foro Italico""";Lazio;CENTRO;106-110;F;26
2024;05806;"Roma - Università degli studi del ""Foro Italico""";Lazio;CENTRO;66-90;M;41
2024;05806;"Roma - Università degli studi del ""Foro Italico""";Lazio;CENTRO;110 e lode;M;97
2024;05806;"Roma - Università degli studi del ""Foro Italico""";Lazio;CENTRO;110 e lode;F;70
2024;05806;"Roma - Università degli studi del ""Foro Italico""";Lazio;CENTRO;91-100;M;106
2024;05806;"Roma - Università degli studi del ""Foro Italico""";Lazio;CENTRO;101-105;M;68
2024;05807;Roma - III Università degli studi;Lazio;CENTRO;66-90;F;203
2024;05807;Roma - III Università degli studi;Lazio;CENTRO;106-110;F;734
2024;05807;Roma - III Università degli studi;Lazio;CENTRO;110 e lode;M;538
2024;05807;Roma - III Università degli studi;Lazio;CENTRO;66-90;M;270
2024;05807;Roma - III Università degli studi;Lazio;CENTRO;91-100;M;675
2024;05807;Roma - III Università degli studi;Lazio;CENTRO;110 e lode;F;975
2024;05807;Roma - III Università degli studi;Lazio;CENTRO;101-105;M;352
2024;05807;Roma - III Università degli studi;Lazio;CENTRO;106-110;M;382
2024;05807;Roma - III Università degli studi;Lazio;CENTRO;voto non previsto;F;2
2024;05807;Roma - III Università degli studi;Lazio;CENTRO;101-105;F;753
2024;05807;Roma - III Università degli studi;Lazio;CENTRO;91-100;F;989
2024;05808;"Roma - Università ""Campus Bio-Medico""";Lazio;CENTRO;106-110;F;109
2024;05808;"Roma - Università ""Campus Bio-Medico""";Lazio;CENTRO;91-100;M;26
2024;05808;"Roma - Università ""Campus Bio-Medico""";Lazio;CENTRO;101-105;F;50
2024;05808;"Roma - Università ""Campus Bio-Medico""";Lazio;CENTRO;110 e lode;M;112
2024;05808;"Roma - Università ""Campus Bio-Medico""";Lazio;CENTRO;66-90;M;6
2024;05808;"Roma - Università ""Campus Bio-Medico""";Lazio;CENTRO;101-105;M;32
2024;05808;"Roma - Università ""Campus Bio-Medico""";Lazio;CENTRO;66-90;F;4
2024;05808;"Roma - Università ""Campus Bio-Medico""";Lazio;CENTRO;91-100;F;34
2024;05808;"Roma - Università ""Campus Bio-Medico""";Lazio;CENTRO;110 e lode;F;169
2024;05808;"Roma - Università ""Campus Bio-Medico""";Lazio;CENTRO;106-110;M;61
2024;05809;Roma - Università degli Studi Internazionali – UNINT;Lazio;CENTRO;110 e lode;M;36
2024;05809;Roma - Università degli Studi Internazionali – UNINT;Lazio;CENTRO;66-90;F;8
2024;05809;Roma - Università degli Studi Internazionali – UNINT;Lazio;CENTRO;66-90;M;8
2024;05809;Roma - Università degli Studi Internazionali – UNINT;Lazio;CENTRO;101-105;M;14
2024;05809;Roma - Università degli Studi Internazionali – UNINT;Lazio;CENTRO;106-110;M;27
2024;05809;Roma - Università degli Studi Internazionali – UNINT;Lazio;CENTRO;110 e lode;F;232
2024;05809;Roma - Università degli Studi Internazionali – UNINT;Lazio;CENTRO;91-100;F;64
2024;05809;Roma - Università degli Studi Internazionali – UNINT;Lazio;CENTRO;91-100;M;18
2024;05809;Roma - Università degli Studi Internazionali – UNINT;Lazio;CENTRO;106-110;F;148
2024;05809;Roma - Università degli Studi Internazionali – UNINT;Lazio;CENTRO;101-105;F;91
2024;05810;"Roma - Università telematica ""Guglielmo Marconi""";Lazio;CENTRO;101-105;F;471
2024;05810;"Roma - Università telematica ""Guglielmo Marconi""";Lazio;CENTRO;91-100;F;725
2024;05810;"Roma - Università telematica ""Guglielmo Marconi""";Lazio;CENTRO;66-90;M;170
2024;05810;"Roma - Università telematica ""Guglielmo Marconi""";Lazio;CENTRO;106-110;F;337
2024;05810;"Roma - Università telematica ""Guglielmo Marconi""";Lazio;CENTRO;110 e lode;F;346
2024;05810;"Roma - Università telematica ""Guglielmo Marconi""";Lazio;CENTRO;110 e lode;M;116
2024;05810;"Roma - Università telematica ""Guglielmo Marconi""";Lazio;CENTRO;106-110;M;108
2024;05810;"Roma - Università telematica ""Guglielmo Marconi""";Lazio;CENTRO;66-90;F;163
2024;05810;"Roma - Università telematica ""Guglielmo Marconi""";Lazio;CENTRO;91-100;M;477
2024;05810;"Roma - Università telematica ""Guglielmo Marconi""";Lazio;CENTRO;101-105;M;203
2024;05811;"Roma - Università telematica ""Unitelma Sapienza""";Lazio;CENTRO;106-110;F;62
2024;05811;"Roma - Università telematica ""Unitelma Sapienza""";Lazio;CENTRO;91-100;F;94
2024;05811;"Roma - Università telematica ""Unitelma Sapienza""";Lazio;CENTRO;66-90;F;35
2024;05811;"Roma - Università telematica ""Unitelma Sapienza""";Lazio;CENTRO;101-105;F;76
2024;05811;"Roma - Università telematica ""Unitelma Sapienza""";Lazio;CENTRO;91-100;M;94
2024;05811;"Roma - Università telematica ""Unitelma Sapienza""";Lazio;CENTRO;66-90;M;39
2024;05811;"Roma - Università telematica ""Unitelma Sapienza""";Lazio;CENTRO;110 e lode;F;82
2024;05811;"Roma - Università telematica ""Unitelma Sapienza""";Lazio;CENTRO;106-110;M;39
2024;05811;"Roma - Università telematica ""Unitelma Sapienza""";Lazio;CENTRO;101-105;M;61
2024;05811;"Roma - Università telematica ""Unitelma Sapienza""";Lazio;CENTRO;110 e lode;M;52
2024;05812;Roma - Università Europea;Lazio;CENTRO;91-100;F;78
2024;05812;Roma - Università Europea;Lazio;CENTRO;66-90;M;13
2024;05812;Roma - Università Europea;Lazio;CENTRO;106-110;M;26
2024;05812;Roma - Università Europea;Lazio;CENTRO;66-90;F;4
2024;05812;Roma - Università Europea;Lazio;CENTRO;91-100;M;44
2024;05812;Roma - Università Europea;Lazio;CENTRO;101-105;F;62
2024;05812;Roma - Università Europea;Lazio;CENTRO;110 e lode;F;108
2024;05812;Roma - Università Europea;Lazio;CENTRO;106-110;F;66
2024;05812;Roma - Università Europea;Lazio;CENTRO;101-105;M;19
2024;05812;Roma - Università Europea;Lazio;CENTRO;110 e lode;M;31
2024;05813;"Roma - Università telematica internazionale ""UNINETTUNO""";Lazio;CENTRO;110 e lode;F;73
2024;05813;"Roma - Università telematica internazionale ""UNINETTUNO""";Lazio;CENTRO;66-90;F;24
2024;05813;"Roma - Università telematica internazionale ""UNINETTUNO""";Lazio;CENTRO;106-110;M;47
2024;05813;"Roma - Università telematica internazionale ""UNINETTUNO""";Lazio;CENTRO;106-110;F;98
2024;05813;"Roma - Università telematica internazionale ""UNINETTUNO""";Lazio;CENTRO;66-90;M;46
2024;05813;"Roma - Università telematica internazionale ""UNINETTUNO""";Lazio;CENTRO;91-100;M;172
2024;05813;"Roma - Università telematica internazionale ""UNINETTUNO""";Lazio;CENTRO;101-105;M;77
2024;05813;"Roma - Università telematica internazionale ""UNINETTUNO""";Lazio;CENTRO;101-105;F;129
2024;05813;"Roma - Università telematica internazionale ""UNINETTUNO""";Lazio;CENTRO;91-100;F;163
2024;05813;"Roma - Università telematica internazionale ""UNINETTUNO""";Lazio;CENTRO;110 e lode;M;44
2024;05814;Roma - Universitas telematica Mercatorum;Lazio;CENTRO;101-105;F;1134
2024;05814;Roma - Universitas telematica Mercatorum;Lazio;CENTRO;110 e lode;F;266
2024;05814;Roma - Universitas telematica Mercatorum;Lazio;CENTRO;91-100;M;3239
2024;05814;Roma - Universitas telematica Mercatorum;Lazio;CENTRO;101-105;M;1746
2024;05814;Roma - Universitas telematica Mercatorum;Lazio;CENTRO;106-110;F;792
2024;05814;Roma - Universitas telematica Mercatorum;Lazio;CENTRO;66-90;M;1184
2024;05814;Roma - Universitas telematica Mercatorum;Lazio;CENTRO;106-110;M;1014
2024;05814;Roma - Universitas telematica Mercatorum;Lazio;CENTRO;66-90;F;979
2024;05814;Roma - Universitas telematica Mercatorum;Lazio;CENTRO;91-100;F;2252
2024;05814;Roma - Universitas telematica Mercatorum;Lazio;CENTRO;110 e lode;M;298
2024;05815;Roma - Università telematica Niccolò Cusano (già UNISU);Lazio;CENTRO;110 e lode;M;133
2024;05815;Roma - Università telematica Niccolò Cusano (già UNISU);Lazio;CENTRO;106-110;F;294
2024;05815;Roma - Università telematica Niccolò Cusano (già UNISU);Lazio;CENTRO;66-90;F;461
2024;05815;Roma - Università telematica Niccolò Cusano (già UNISU);Lazio;CENTRO;91-100;F;1113
2024;05815;Roma - Università telematica Niccolò Cusano (già UNISU);Lazio;CENTRO;101-105;F;437
2024;05815;Roma - Università telematica Niccolò Cusano (già UNISU);Lazio;CENTRO;106-110;M;123
2024;05815;Roma - Università telematica Niccolò Cusano (già UNISU);Lazio;CENTRO;110 e lode;F;278
2024;05815;Roma - Università telematica Niccolò Cusano (già UNISU);Lazio;CENTRO;101-105;M;248
2024;05815;Roma - Università telematica Niccolò Cusano (già UNISU);Lazio;CENTRO;91-100;M;1038
2024;05815;Roma - Università telematica Niccolò Cusano (già UNISU);Lazio;CENTRO;66-90;M;547
2024;05816;"Roma - Università telematica ""San Raffaele"" - già ""UNITEL""";Lazio;CENTRO;101-105;F;378
2024;05816;"Roma - Università telematica ""San Raffaele"" - già ""UNITEL""";Lazio;CENTRO;106-110;F;405
2024;05816;"Roma - Università telematica ""San Raffaele"" - già ""UNITEL""";Lazio;CENTRO;110 e lode;F;369
2024;05816;"Roma - Università telematica ""San Raffaele"" - già ""UNITEL""";Lazio;CENTRO;66-90;F;117
2024;05816;"Roma - Università telematica ""San Raffaele"" - già ""UNITEL""";Lazio;CENTRO;101-105;M;292
2024;05816;"Roma - Università telematica ""San Raffaele"" - già ""UNITEL""";Lazio;CENTRO;110 e lode;M;188
2024;05816;"Roma - Università telematica ""San Raffaele"" - già ""UNITEL""";Lazio;CENTRO;91-100;F;440
2024;05816;"Roma - Università telematica ""San Raffaele"" - già ""UNITEL""";Lazio;CENTRO;66-90;M;137
2024;05816;"Roma - Università telematica ""San Raffaele"" - già ""UNITEL""";Lazio;CENTRO;106-110;M;227
2024;05816;"Roma - Università telematica ""San Raffaele"" - già ""UNITEL""";Lazio;CENTRO;91-100;M;435
2024;05817;Roma - Link Campus University;Lazio;CENTRO;106-110;F;6
2024;05817;Roma - Link Campus University;Lazio;CENTRO;101-105;F;2
2024;05817;Roma - Link Campus University;Lazio;CENTRO;110 e lode;F;8
2024;05817;Roma - Link Campus University;Lazio;CENTRO;91-100;M;20
2024;05817;Roma - Link Campus University;Lazio;CENTRO;101-105;M;14
2024;05817;Roma - Link Campus University;Lazio;CENTRO;106-110;M;14
2024;05817;Roma - Link Campus University;Lazio;CENTRO;66-90;F;1
2024;05817;Roma - Link Campus University;Lazio;CENTRO;110 e lode;M;32
2024;05817;Roma - Link Campus University;Lazio;CENTRO;66-90;M;6
2024;05817;Roma - Link Campus University;Lazio;CENTRO;91-100;F;10
2024;05818;Roma - Saint Camillus International;Lazio;CENTRO;91-100;M;25
2024;05818;Roma - Saint Camillus International;Lazio;CENTRO;66-90;F;5
2024;05818;Roma - Saint Camillus International;Lazio;CENTRO;106-110;F;47
2024;05818;Roma - Saint Camillus International;Lazio;CENTRO;101-105;F;31
2024;05818;Roma - Saint Camillus International;Lazio;CENTRO;66-90;M;7
2024;05818;Roma - Saint Camillus International;Lazio;CENTRO;110 e lode;F;82
2024;05818;Roma - Saint Camillus International;Lazio;CENTRO;101-105;M;27
2024;05818;Roma - Saint Camillus International;Lazio;CENTRO;91-100;F;31
2024;05818;Roma - Saint Camillus International;Lazio;CENTRO;106-110;M;22
2024;05818;Roma - Saint Camillus International;Lazio;CENTRO;110 e lode;M;27
2024;06001;Cassino - Università degli Studi di Cassino e del Lazio Meridionale;Lazio;CENTRO;66-90;M;131
2024;06001;Cassino - Università degli Studi di Cassino e del Lazio Meridionale;Lazio;CENTRO;91-100;F;184
2024;06001;Cassino - Università degli Studi di Cassino e del Lazio Meridionale;Lazio;CENTRO;101-105;F;122
2024;06001;Cassino - Università degli Studi di Cassino e del Lazio Meridionale;Lazio;CENTRO;91-100;M;270
2024;06001;Cassino - Università degli Studi di Cassino e del Lazio Meridionale;Lazio;CENTRO;106-110;F;151
2024;06001;Cassino - Università degli Studi di Cassino e del Lazio Meridionale;Lazio;CENTRO;66-90;F;57
2024;06001;Cassino - Università degli Studi di Cassino e del Lazio Meridionale;Lazio;CENTRO;110 e lode;F;225
2024;06001;Cassino - Università degli Studi di Cassino e del Lazio Meridionale;Lazio;CENTRO;101-105;M;139
2024;06001;Cassino - Università degli Studi di Cassino e del Lazio Meridionale;Lazio;CENTRO;110 e lode;M;112
2024;06001;Cassino - Università degli Studi di Cassino e del Lazio Meridionale;Lazio;CENTRO;106-110;M;94
2024;06201;Benevento - Università degli studi del Sannio;Campania;SUD;66-90;F;48
2024;06201;Benevento - Università degli studi del Sannio;Campania;SUD;106-110;M;49
2024;06201;Benevento - Università degli studi del Sannio;Campania;SUD;110 e lode;F;109
2024;06201;Benevento - Università degli studi del Sannio;Campania;SUD;110 e lode;M;81
2024;06201;Benevento - Università degli studi del Sannio;Campania;SUD;101-105;F;72
2024;06201;Benevento - Università degli studi del Sannio;Campania;SUD;91-100;M;109
2024;06201;Benevento - Università degli studi del Sannio;Campania;SUD;91-100;F;101
2024;06201;Benevento - Università degli studi del Sannio;Campania;SUD;101-105;M;68
2024;06201;Benevento - Università degli studi del Sannio;Campania;SUD;106-110;F;52
2024;06201;Benevento - Università degli studi del Sannio;Campania;SUD;66-90;M;42
2024;06202;"Benevento - Università telematica ""Giustino Fortunato""";Campania;SUD;66-90;F;42
2024;06202;"Benevento - Università telematica ""Giustino Fortunato""";Campania;SUD;106-110;M;50
2024;06202;"Benevento - Università telematica ""Giustino Fortunato""";Campania;SUD;101-105;M;55
2024;06202;"Benevento - Università telematica ""Giustino Fortunato""";Campania;SUD;110 e lode;M;52
2024;06202;"Benevento - Università telematica ""Giustino Fortunato""";Campania;SUD;91-100;M;99
2024;06202;"Benevento - Università telematica ""Giustino Fortunato""";Campania;SUD;66-90;M;44
2024;06202;"Benevento - Università telematica ""Giustino Fortunato""";Campania;SUD;91-100;F;109
2024;06202;"Benevento - Università telematica ""Giustino Fortunato""";Campania;SUD;101-105;F;96
2024;06202;"Benevento - Università telematica ""Giustino Fortunato""";Campania;SUD;110 e lode;F;109
2024;06202;"Benevento - Università telematica ""Giustino Fortunato""";Campania;SUD;106-110;F;98
2024;06301;"Napoli - Università degli studi ""Federico II""";Campania;SUD;106-110;M;1198
2024;06301;"Napoli - Università degli studi ""Federico II""";Campania;SUD;66-90;M;576
2024;06301;"Napoli - Università degli studi ""Federico II""";Campania;SUD;101-105;M;994
2024;06301;"Napoli - Università degli studi ""Federico II""";Campania;SUD;91-100;M;1388
2024;06301;"Napoli - Università degli studi ""Federico II""";Campania;SUD;110 e lode;M;1628
2024;06301;"Napoli - Università degli studi ""Federico II""";Campania;SUD;66-90;F;426
2024;06301;"Napoli - Università degli studi ""Federico II""";Campania;SUD;91-100;F;1642
2024;06301;"Napoli - Università degli studi ""Federico II""";Campania;SUD;110 e lode;F;2339
2024;06301;"Napoli - Università degli studi ""Federico II""";Campania;SUD;101-105;F;1414
2024;06301;"Napoli - Università degli studi ""Federico II""";Campania;SUD;106-110;F;1789
2024;06302;"Napoli - Università degli studi ""Parthenope""";Campania;SUD;110 e lode;M;300
2024;06302;"Napoli - Università degli studi ""Parthenope""";Campania;SUD;101-105;F;177
2024;06302;"Napoli - Università degli studi ""Parthenope""";Campania;SUD;106-110;F;149
2024;06302;"Napoli - Università degli studi ""Parthenope""";Campania;SUD;91-100;F;238
2024;06302;"Napoli - Università degli studi ""Parthenope""";Campania;SUD;66-90;M;184
2024;06302;"Napoli - Università degli studi ""Parthenope""";Campania;SUD;106-110;M;173
2024;06302;"Napoli - Università degli studi ""Parthenope""";Campania;SUD;110 e lode;F;324
2024;06302;"Napoli - Università degli studi ""Parthenope""";Campania;SUD;101-105;M;253
2024;06302;"Napoli - Università degli studi ""Parthenope""";Campania;SUD;66-90;F;112
2024;06302;"Napoli - Università degli studi ""Parthenope""";Campania;SUD;91-100;M;360
2024;06303;"Napoli - Università degli studi ""L' Orientale""";Campania;SUD;101-105;F;307
2024;06303;"Napoli - Università degli studi ""L' Orientale""";Campania;SUD;110 e lode;F;351
2024;06303;"Napoli - Università degli studi ""L' Orientale""";Campania;SUD;106-110;F;307
2024;06303;"Napoli - Università degli studi ""L' Orientale""";Campania;SUD;66-90;M;11
2024;06303;"Napoli - Università degli studi ""L' Orientale""";Campania;SUD;91-100;F;323
2024;06303;"Napoli - Università degli studi ""L' Orientale""";Campania;SUD;110 e lode;M;91
2024;06303;"Napoli - Università degli studi ""L' Orientale""";Campania;SUD;66-90;F;39
2024;06303;"Napoli - Università degli studi ""L' Orientale""";Campania;SUD;91-100;M;67
2024;06303;"Napoli - Università degli studi ""L' Orientale""";Campania;SUD;106-110;M;84
2024;06303;"Napoli - Università degli studi ""L' Orientale""";Campania;SUD;101-105;M;56
2024;06304;"Napoli - Università degli studi ""Suor Orsola Benincasa""";Campania;SUD;91-100;F;524
2024;06304;"Napoli - Università degli studi ""Suor Orsola Benincasa""";Campania;SUD;106-110;M;45
2024;06304;"Napoli - Università degli studi ""Suor Orsola Benincasa""";Campania;SUD;110 e lode;F;408
2024;06304;"Napoli - Università degli studi ""Suor Orsola Benincasa""";Campania;SUD;66-90;F;74
2024;06304;"Napoli - Università degli studi ""Suor Orsola Benincasa""";Campania;SUD;110 e lode;M;58
2024;06304;"Napoli - Università degli studi ""Suor Orsola Benincasa""";Campania;SUD;101-105;F;415
2024;06304;"Napoli - Università degli studi ""Suor Orsola Benincasa""";Campania;SUD;101-105;M;39
2024;06304;"Napoli - Università degli studi ""Suor Orsola Benincasa""";Campania;SUD;91-100;M;101
2024;06304;"Napoli - Università degli studi ""Suor Orsola Benincasa""";Campania;SUD;106-110;F;355
2024;06304;"Napoli - Università degli studi ""Suor Orsola Benincasa""";Campania;SUD;66-90;M;44
2024;06306;"Napoli - Università degli studi della Campania ""Luigi Vanvitelli""";Campania;SUD;91-100;F;387
2024;06306;"Napoli - Università degli studi della Campania ""Luigi Vanvitelli""";Campania;SUD;101-105;M;213
2024;06306;"Napoli - Università degli studi della Campania ""Luigi Vanvitelli""";Campania;SUD;106-110;M;321
2024;06306;"Napoli - Università degli studi della Campania ""Luigi Vanvitelli""";Campania;SUD;66-90;M;158
2024;06306;"Napoli - Università degli studi della Campania ""Luigi Vanvitelli""";Campania;SUD;91-100;M;266
2024;06306;"Napoli - Università degli studi della Campania ""Luigi Vanvitelli""";Campania;SUD;110 e lode;M;394
2024;06306;"Napoli - Università degli studi della Campania ""Luigi Vanvitelli""";Campania;SUD;106-110;F;608
2024;06306;"Napoli - Università degli studi della Campania ""Luigi Vanvitelli""";Campania;SUD;66-90;F;141
2024;06306;"Napoli - Università degli studi della Campania ""Luigi Vanvitelli""";Campania;SUD;110 e lode;F;783
2024;06306;"Napoli - Università degli studi della Campania ""Luigi Vanvitelli""";Campania;SUD;101-105;F;352
2024;06307;"Napoli - Università telematica ""Pegaso""";Campania;SUD;101-105;F;3577
2024;06307;"Napoli - Università telematica ""Pegaso""";Campania;SUD;110 e lode;M;1682
2024;06307;"Napoli - Università telematica ""Pegaso""";Campania;SUD;91-100;F;4680
2024;06307;"Napoli - Università telematica ""Pegaso""";Campania;SUD;106-110;M;2964
2024;06307;"Napoli - Università telematica ""Pegaso""";Campania;SUD;66-90;M;1239
2024;06307;"Napoli - Università telematica ""Pegaso""";Campania;SUD;106-110;F;3915
2024;06307;"Napoli - Università telematica ""Pegaso""";Campania;SUD;110 e lode;F;2541
2024;06307;"Napoli - Università telematica ""Pegaso""";Campania;SUD;66-90;F;1273
2024;06307;"Napoli - Università telematica ""Pegaso""";Campania;SUD;91-100;M;4663
2024;06307;"Napoli - Università telematica ""Pegaso""";Campania;SUD;101-105;M;3544
2024;06501;Salerno - Università degli studi;Campania;SUD;106-110;M;458
2024;06501;Salerno - Università degli studi;Campania;SUD;101-105;F;663
2024;06501;Salerno - Università degli studi;Campania;SUD;66-90;F;261
2024;06501;Salerno - Università degli studi;Campania;SUD;110 e lode;M;615
2024;06501;Salerno - Università degli studi;Campania;SUD;91-100;F;823
2024;06501;Salerno - Università degli studi;Campania;SUD;110 e lode;F;892
2024;06501;Salerno - Università degli studi;Campania;SUD;66-90;M;388
2024;06501;Salerno - Università degli studi;Campania;SUD;106-110;F;681
2024;06501;Salerno - Università degli studi;Campania;SUD;91-100;M;777
2024;06501;Salerno - Università degli studi;Campania;SUD;101-105;M;478
2024;06601;L'Aquila - Università degli studi;Abruzzo;SUD;106-110;F;318
2024;06601;L'Aquila - Università degli studi;Abruzzo;SUD;66-90;F;86
2024;06601;L'Aquila - Università degli studi;Abruzzo;SUD;110 e lode;F;555
2024;06601;L'Aquila - Università degli studi;Abruzzo;SUD;106-110;M;230
2024;06601;L'Aquila - Università degli studi;Abruzzo;SUD;91-100;M;677
2024;06601;L'Aquila - Università degli studi;Abruzzo;SUD;101-105;M;292
2024;06601;L'Aquila - Università degli studi;Abruzzo;SUD;110 e lode;M;324
2024;06601;L'Aquila - Università degli studi;Abruzzo;SUD;91-100;F;438
2024;06601;L'Aquila - Università degli studi;Abruzzo;SUD;101-105;F;279
2024;06601;L'Aquila - Università degli studi;Abruzzo;SUD;66-90;M;155
2024;06701;Teramo - Università degli studi;Abruzzo;SUD;110 e lode;F;163
2024;06701;Teramo - Università degli studi;Abruzzo;SUD;101-105;M;64
2024;06701;Teramo - Università degli studi;Abruzzo;SUD;106-110;M;69
2024;06701;Teramo - Università degli studi;Abruzzo;SUD;66-90;M;21
2024;06701;Teramo - Università degli studi;Abruzzo;SUD;91-100;F;112
2024;06701;Teramo - Università degli studi;Abruzzo;SUD;110 e lode;M;81
2024;06701;Teramo - Università degli studi;Abruzzo;SUD;106-110;F;103
2024;06701;Teramo - Università degli studi;Abruzzo;SUD;91-100;M;94
2024;06701;Teramo - Università degli studi;Abruzzo;SUD;101-105;F;92
2024;06701;Teramo - Università degli studi;Abruzzo;SUD;66-90;F;22
2024;06901;Chieti e Pescara - Università degli studi Gabriele D'Annunzio;Abruzzo;SUD;106-110;F;611
2024;06901;Chieti e Pescara - Università degli studi Gabriele D'Annunzio;Abruzzo;SUD;66-90;M;152
2024;06901;Chieti e Pescara - Università degli studi Gabriele D'Annunzio;Abruzzo;SUD;91-100;F;816
2024;06901;Chieti e Pescara - Università degli studi Gabriele D'Annunzio;Abruzzo;SUD;101-105;F;630
2024;06901;Chieti e Pescara - Università degli studi Gabriele D'Annunzio;Abruzzo;SUD;66-90;F;166
2024;06901;Chieti e Pescara - Università degli studi Gabriele D'Annunzio;Abruzzo;SUD;110 e lode;M;333
2024;06901;Chieti e Pescara - Università degli studi Gabriele D'Annunzio;Abruzzo;SUD;91-100;M;391
2024;06901;Chieti e Pescara - Università degli studi Gabriele D'Annunzio;Abruzzo;SUD;106-110;M;235
2024;06901;Chieti e Pescara - Università degli studi Gabriele D'Annunzio;Abruzzo;SUD;101-105;M;258
2024;06901;Chieti e Pescara - Università degli studi Gabriele D'Annunzio;Abruzzo;SUD;voto non previsto;F;1
2024;06901;Chieti e Pescara - Università degli studi Gabriele D'Annunzio;Abruzzo;SUD;110 e lode;F;741
2024;06902;"Torrevecchia Teatina (CH) - Università telematica ""Leonardo da Vinci""";Abruzzo;SUD;110 e lode;M;2
2024;06902;"Torrevecchia Teatina (CH) - Università telematica ""Leonardo da Vinci""";Abruzzo;SUD;66-90;M;5
2024;06902;"Torrevecchia Teatina (CH) - Università telematica ""Leonardo da Vinci""";Abruzzo;SUD;101-105;F;12
2024;06902;"Torrevecchia Teatina (CH) - Università telematica ""Leonardo da Vinci""";Abruzzo;SUD;66-90;F;3
2024;06902;"Torrevecchia Teatina (CH) - Università telematica ""Leonardo da Vinci""";Abruzzo;SUD;106-110;F;5
2024;06902;"Torrevecchia Teatina (CH) - Università telematica ""Leonardo da Vinci""";Abruzzo;SUD;101-105;M;2
2024;06902;"Torrevecchia Teatina (CH) - Università telematica ""Leonardo da Vinci""";Abruzzo;SUD;106-110;M;2
2024;06902;"Torrevecchia Teatina (CH) - Università telematica ""Leonardo da Vinci""";Abruzzo;SUD;91-100;F;14
2024;06902;"Torrevecchia Teatina (CH) - Università telematica ""Leonardo da Vinci""";Abruzzo;SUD;110 e lode;F;10
2024;06902;"Torrevecchia Teatina (CH) - Università telematica ""Leonardo da Vinci""";Abruzzo;SUD;91-100;M;4
2024;07001;Campobasso - Università degli studi del Molise;Molise;SUD;106-110;M;89
2024;07001;Campobasso - Università degli studi del Molise;Molise;SUD;110 e lode;M;131
2024;07001;Campobasso - Università degli studi del Molise;Molise;SUD;91-100;M;95
2024;07001;Campobasso - Università degli studi del Molise;Molise;SUD;101-105;M;69
2024;07001;Campobasso - Università degli studi del Molise;Molise;SUD;110 e lode;F;223
2024;07001;Campobasso - Università degli studi del Molise;Molise;SUD;106-110;F;187
2024;07001;Campobasso - Università degli studi del Molise;Molise;SUD;101-105;F;96
2024;07001;Campobasso - Università degli studi del Molise;Molise;SUD;91-100;F;102
2024;07001;Campobasso - Università degli studi del Molise;Molise;SUD;66-90;F;33
2024;07001;Campobasso - Università degli studi del Molise;Molise;SUD;66-90;M;36
2024;07101;Foggia - Università degli studi;Puglia;SUD;110 e lode;F;568
2024;07101;Foggia - Università degli studi;Puglia;SUD;66-90;F;36
2024;07101;Foggia - Università degli studi;Puglia;SUD;101-105;F;240
2024;07101;Foggia - Università degli studi;Puglia;SUD;106-110;F;420
2024;07101;Foggia - Università degli studi;Puglia;SUD;101-105;M;140
2024;07101;Foggia - Università degli studi;Puglia;SUD;106-110;M;224
2024;07101;Foggia - Università degli studi;Puglia;SUD;91-100;M;189
2024;07101;Foggia - Università degli studi;Puglia;SUD;91-100;F;243
2024;07101;Foggia - Università degli studi;Puglia;SUD;110 e lode;M;252
2024;07101;Foggia - Università degli studi;Puglia;SUD;66-90;M;41
2024;07201;Bari - Università degli studi;Puglia;SUD;101-105;M;463
2024;07201;Bari - Università degli studi;Puglia;SUD;66-90;M;167
2024;07201;Bari - Università degli studi;Puglia;SUD;110 e lode;F;1411
2024;07201;Bari - Università degli studi;Puglia;SUD;91-100;F;969
2024;07201;Bari - Università degli studi;Puglia;SUD;66-90;F;182
2024;07201;Bari - Università degli studi;Puglia;SUD;106-110;F;1347
2024;07201;Bari - Università degli studi;Puglia;SUD;106-110;M;560
2024;07201;Bari - Università degli studi;Puglia;SUD;101-105;F;875
2024;07201;Bari - Università degli studi;Puglia;SUD;91-100;M;638
2024;07201;Bari - Università degli studi;Puglia;SUD;voto non previsto;M;4
2024;07201;Bari - Università degli studi;Puglia;SUD;voto non previsto;F;6
2024;07201;Bari - Università degli studi;Puglia;SUD;110 e lode;M;622
2024;07202;Bari - Politecnico;Puglia;SUD;106-110;F;173
2024;07202;Bari - Politecnico;Puglia;SUD;101-105;F;114
2024;07202;Bari - Politecnico;Puglia;SUD;91-100;F;116
2024;07202;Bari - Politecnico;Puglia;SUD;66-90;M;139
2024;07202;Bari - Politecnico;Puglia;SUD;110 e lode;M;277
2024;07202;Bari - Politecnico;Puglia;SUD;106-110;M;287
2024;07202;Bari - Politecnico;Puglia;SUD;91-100;M;316
2024;07202;Bari - Politecnico;Puglia;SUD;101-105;M;220
2024;07202;Bari - Politecnico;Puglia;SUD;110 e lode;F;195
2024;07202;Bari - Politecnico;Puglia;SUD;66-90;F;33
2024;07203;"Casamassima - Libera Università Mediterranea ""Giuseppe Degennaro""";Puglia;SUD;110 e lode;M;46
2024;07203;"Casamassima - Libera Università Mediterranea ""Giuseppe Degennaro""";Puglia;SUD;106-110;F;29
2024;07203;"Casamassima - Libera Università Mediterranea ""Giuseppe Degennaro""";Puglia;SUD;101-105;M;46
2024;07203;"Casamassima - Libera Università Mediterranea ""Giuseppe Degennaro""";Puglia;SUD;66-90;M;36
2024;07203;"Casamassima - Libera Università Mediterranea ""Giuseppe Degennaro""";Puglia;SUD;66-90;F;13
2024;07203;"Casamassima - Libera Università Mediterranea ""Giuseppe Degennaro""";Puglia;SUD;91-100;M;80
2024;07203;"Casamassima - Libera Università Mediterranea ""Giuseppe Degennaro""";Puglia;SUD;91-100;F;48
2024;07203;"Casamassima - Libera Università Mediterranea ""Giuseppe Degennaro""";Puglia;SUD;101-105;F;33
2024;07203;"Casamassima - Libera Università Mediterranea ""Giuseppe Degennaro""";Puglia;SUD;110 e lode;F;67
2024;07203;"Casamassima - Libera Università Mediterranea ""Giuseppe Degennaro""";Puglia;SUD;106-110;M;45
2024;07501;Lecce - Università del Salento;Puglia;SUD;91-100;M;290
2024;07501;Lecce - Università del Salento;Puglia;SUD;66-90;F;66
2024;07501;Lecce - Università del Salento;Puglia;SUD;101-105;M;234
2024;07501;Lecce - Università del Salento;Puglia;SUD;110 e lode;M;321
2024;07501;Lecce - Università del Salento;Puglia;SUD;106-110;M;240
2024;07501;Lecce - Università del Salento;Puglia;SUD;91-100;F;443
2024;07501;Lecce - Università del Salento;Puglia;SUD;66-90;M;72
2024;07501;Lecce - Università del Salento;Puglia;SUD;101-105;F;462
2024;07501;Lecce - Università del Salento;Puglia;SUD;110 e lode;F;692
2024;07501;Lecce - Università del Salento;Puglia;SUD;106-110;F;444
2024;07601;Potenza - Università degli studi della Basilicata;Basilicata;SUD;106-110;F;150
2024;07601;Potenza - Università degli studi della Basilicata;Basilicata;SUD;101-105;F;134
2024;07601;Potenza - Università degli studi della Basilicata;Basilicata;SUD;91-100;M;72
2024;07601;Potenza - Università degli studi della Basilicata;Basilicata;SUD;66-90;M;50
2024;07601;Potenza - Università degli studi della Basilicata;Basilicata;SUD;110 e lode;F;162
2024;07601;Potenza - Università degli studi della Basilicata;Basilicata;SUD;101-105;M;55
2024;07601;Potenza - Università degli studi della Basilicata;Basilicata;SUD;106-110;M;50
2024;07601;Potenza - Università degli studi della Basilicata;Basilicata;SUD;110 e lode;M;81
2024;07601;Potenza - Università degli studi della Basilicata;Basilicata;SUD;66-90;F;41
2024;07601;Potenza - Università degli studi della Basilicata;Basilicata;SUD;91-100;F;125
2024;07801;Arcavacata di Rende - Università della Calabria;Calabria;SUD;106-110;F;487
2024;07801;Arcavacata di Rende - Università della Calabria;Calabria;SUD;66-90;M;288
2024;07801;Arcavacata di Rende - Università della Calabria;Calabria;SUD;101-105;M;212
2024;07801;Arcavacata di Rende - Università della Calabria;Calabria;SUD;91-100;F;609
2024;07801;Arcavacata di Rende - Università della Calabria;Calabria;SUD;66-90;F;233
2024;07801;Arcavacata di Rende - Università della Calabria;Calabria;SUD;101-105;F;504
2024;07801;Arcavacata di Rende - Università della Calabria;Calabria;SUD;91-100;M;402
2024;07801;Arcavacata di Rende - Università della Calabria;Calabria;SUD;110 e lode;F;613
2024;07801;Arcavacata di Rende - Università della Calabria;Calabria;SUD;106-110;M;231
2024;07801;Arcavacata di Rende - Università della Calabria;Calabria;SUD;110 e lode;M;294
2024;07901;"Catanzaro - Università degli studi ""Magna Grecia""";Calabria;SUD;106-110;F;338
2024;07901;"Catanzaro - Università degli studi ""Magna Grecia""";Calabria;SUD;91-100;F;222
2024;07901;"Catanzaro - Università degli studi ""Magna Grecia""";Calabria;SUD;66-90;F;46
2024;07901;"Catanzaro - Università degli studi ""Magna Grecia""";Calabria;SUD;91-100;M;184
2024;07901;"Catanzaro - Università degli studi ""Magna Grecia""";Calabria;SUD;106-110;M;169
2024;07901;"Catanzaro - Università degli studi ""Magna Grecia""";Calabria;SUD;101-105;F;270
2024;07901;"Catanzaro - Università degli studi ""Magna Grecia""";Calabria;SUD;101-105;M;139
2024;07901;"Catanzaro - Università degli studi ""Magna Grecia""";Calabria;SUD;110 e lode;F;313
2024;07901;"Catanzaro - Università degli studi ""Magna Grecia""";Calabria;SUD;66-90;M;53
2024;07901;"Catanzaro - Università degli studi ""Magna Grecia""";Calabria;SUD;110 e lode;M;115
2024;08001;Reggio Calabria - Università degli studi Mediterranea;Calabria;SUD;106-110;F;83
2024;08001;Reggio Calabria - Università degli studi Mediterranea;Calabria;SUD;91-100;F;62
2024;08001;Reggio Calabria - Università degli studi Mediterranea;Calabria;SUD;101-105;F;90
2024;08001;Reggio Calabria - Università degli studi Mediterranea;Calabria;SUD;106-110;M;45
2024;08001;Reggio Calabria - Università degli studi Mediterranea;Calabria;SUD;101-105;M;41
2024;08001;Reggio Calabria - Università degli studi Mediterranea;Calabria;SUD;66-90;M;33
2024;08001;Reggio Calabria - Università degli studi Mediterranea;Calabria;SUD;110 e lode;M;64
2024;08001;Reggio Calabria - Università degli studi Mediterranea;Calabria;SUD;91-100;M;76
2024;08001;Reggio Calabria - Università degli studi Mediterranea;Calabria;SUD;110 e lode;F;143
2024;08001;Reggio Calabria - Università degli studi Mediterranea;Calabria;SUD;66-90;F;14
2024;08003;Reggio Calabria - Università per Stranieri;Calabria;SUD;91-100;M;4
2024;08003;Reggio Calabria - Università per Stranieri;Calabria;SUD;66-90;M;2
2024;08003;Reggio Calabria - Università per Stranieri;Calabria;SUD;106-110;M;4
2024;08003;Reggio Calabria - Università per Stranieri;Calabria;SUD;101-105;M;2
2024;08003;Reggio Calabria - Università per Stranieri;Calabria;SUD;106-110;F;19
2024;08003;Reggio Calabria - Università per Stranieri;Calabria;SUD;110 e lode;M;2
2024;08003;Reggio Calabria - Università per Stranieri;Calabria;SUD;110 e lode;F;13
2024;08003;Reggio Calabria - Università per Stranieri;Calabria;SUD;91-100;F;20
2024;08003;Reggio Calabria - Università per Stranieri;Calabria;SUD;101-105;F;21
2024;08003;Reggio Calabria - Università per Stranieri;Calabria;SUD;66-90;F;3
2024;08201;Palermo - Università degli studi;Sicilia;ISOLE;66-90;F;171
2024;08201;Palermo - Università degli studi;Sicilia;ISOLE;101-105;F;706
2024;08201;Palermo - Università degli studi;Sicilia;ISOLE;91-100;F;733
2024;08201;Palermo - Università degli studi;Sicilia;ISOLE;91-100;M;670
2024;08201;Palermo - Università degli studi;Sicilia;ISOLE;110 e lode;M;1064
2024;08201;Palermo - Università degli studi;Sicilia;ISOLE;106-110;M;520
2024;08201;Palermo - Università degli studi;Sicilia;ISOLE;110 e lode;F;2130
2024;08201;Palermo - Università degli studi;Sicilia;ISOLE;66-90;M;320
2024;08201;Palermo - Università degli studi;Sicilia;ISOLE;101-105;M;411
2024;08201;Palermo - Università degli studi;Sicilia;ISOLE;106-110;F;990
2024;08301;Messina - Università degli studi;Sicilia;ISOLE;66-90;F;72
2024;08301;Messina - Università degli studi;Sicilia;ISOLE;110 e lode;F;877
2024;08301;Messina - Università degli studi;Sicilia;ISOLE;66-90;M;69
2024;08301;Messina - Università degli studi;Sicilia;ISOLE;106-110;M;251
2024;08301;Messina - Università degli studi;Sicilia;ISOLE;101-105;M;257
2024;08301;Messina - Università degli studi;Sicilia;ISOLE;91-100;M;307
2024;08301;Messina - Università degli studi;Sicilia;ISOLE;106-110;F;449
2024;08301;Messina - Università degli studi;Sicilia;ISOLE;110 e lode;M;357
2024;08301;Messina - Università degli studi;Sicilia;ISOLE;101-105;F;405
2024;08301;Messina - Università degli studi;Sicilia;ISOLE;91-100;F;487
2024;08601;"Enna - Libera Università della Sicilia Centrale ""KORE""";Sicilia;ISOLE;66-90;F;42
2024;08601;"Enna - Libera Università della Sicilia Centrale ""KORE""";Sicilia;ISOLE;106-110;M;43
2024;08601;"Enna - Libera Università della Sicilia Centrale ""KORE""";Sicilia;ISOLE;110 e lode;M;65
2024;08601;"Enna - Libera Università della Sicilia Centrale ""KORE""";Sicilia;ISOLE;101-105;F;156
2024;08601;"Enna - Libera Università della Sicilia Centrale ""KORE""";Sicilia;ISOLE;66-90;M;46
2024;08601;"Enna - Libera Università della Sicilia Centrale ""KORE""";Sicilia;ISOLE;91-100;M;93
2024;08601;"Enna - Libera Università della Sicilia Centrale ""KORE""";Sicilia;ISOLE;101-105;M;44
2024;08601;"Enna - Libera Università della Sicilia Centrale ""KORE""";Sicilia;ISOLE;91-100;F;234
2024;08601;"Enna - Libera Università della Sicilia Centrale ""KORE""";Sicilia;ISOLE;110 e lode;F;182
2024;08601;"Enna - Libera Università della Sicilia Centrale ""KORE""";Sicilia;ISOLE;106-110;F;134
2024;08701;Catania - Università degli studi;Sicilia;ISOLE;91-100;F;804
2024;08701;Catania - Università degli studi;Sicilia;ISOLE;110 e lode;M;729
2024;08701;Catania - Università degli studi;Sicilia;ISOLE;66-90;M;180
2024;08701;Catania - Università degli studi;Sicilia;ISOLE;101-105;F;699
2024;08701;Catania - Università degli studi;Sicilia;ISOLE;106-110;F;786
2024;08701;Catania - Università degli studi;Sicilia;ISOLE;110 e lode;F;1243
2024;08701;Catania - Università degli studi;Sicilia;ISOLE;66-90;F;141
2024;08701;Catania - Università degli studi;Sicilia;ISOLE;91-100;M;593
2024;08701;Catania - Università degli studi;Sicilia;ISOLE;101-105;M;428
2024;08701;Catania - Università degli studi;Sicilia;ISOLE;106-110;M;487
2024;09001;Sassari - Università degli studi;Sardegna;ISOLE;91-100;M;136
2024;09001;Sassari - Università degli studi;Sardegna;ISOLE;101-105;M;111
2024;09001;Sassari - Università degli studi;Sardegna;ISOLE;106-110;M;132
2024;09001;Sassari - Università degli studi;Sardegna;ISOLE;66-90;M;42
2024;09001;Sassari - Università degli studi;Sardegna;ISOLE;101-105;F;220
2024;09001;Sassari - Università degli studi;Sardegna;ISOLE;91-100;F;247
2024;09001;Sassari - Università degli studi;Sardegna;ISOLE;66-90;F;50
2024;09001;Sassari - Università degli studi;Sardegna;ISOLE;106-110;F;300
2024;09001;Sassari - Università degli studi;Sardegna;ISOLE;110 e lode;F;385
2024;09001;Sassari - Università degli studi;Sardegna;ISOLE;110 e lode;M;203
2024;09201;Cagliari - Università degli studi;Sardegna;ISOLE;voto non previsto;M;2
2024;09201;Cagliari - Università degli studi;Sardegna;ISOLE;106-110;M;317
2024;09201;Cagliari - Università degli studi;Sardegna;ISOLE;66-90;M;114
2024;09201;Cagliari - Università degli studi;Sardegna;ISOLE;106-110;F;511
2024;09201;Cagliari - Università degli studi;Sardegna;ISOLE;91-100;M;358
2024;09201;Cagliari - Università degli studi;Sardegna;ISOLE;110 e lode;M;435
2024;09201;Cagliari - Università degli studi;Sardegna;ISOLE;110 e lode;F;757
2024;09201;Cagliari - Università degli studi;Sardegna;ISOLE;101-105;F;430
2024;09201;Cagliari - Università degli studi;Sardegna;ISOLE;66-90;F;102
2024;09201;Cagliari - Università degli studi;Sardegna;ISOLE;91-100;F;459
2024;09201;Cagliari - Università degli studi;Sardegna;ISOLE;101-105;M;245
2023;TTTTT;TOTALE ATENEI;ITALIA;ITALIA;101-105;F;42740
2023;TTTTT;TOTALE ATENEI;ITALIA;ITALIA;101-105;M;30313
2023;TTTTT;TOTALE ATENEI;ITALIA;ITALIA;106-110;F;51594
2023;TTTTT;TOTALE ATENEI;ITALIA;ITALIA;106-110;M;32526
2023;TTTTT;TOTALE ATENEI;ITALIA;ITALIA;110 e lode;F;61067
2023;TTTTT;TOTALE ATENEI;ITALIA;ITALIA;110 e lode;M;35199
2023;TTTTT;TOTALE ATENEI;ITALIA;ITALIA;66-90;F;16461
2023;TTTTT;TOTALE ATENEI;ITALIA;ITALIA;66-90;M;21214
2023;TTTTT;TOTALE ATENEI;ITALIA;ITALIA;91-100;F;54376
2023;TTTTT;TOTALE ATENEI;ITALIA;ITALIA;91-100;M;48232
2023;TTTTT;TOTALE ATENEI;ITALIA;ITALIA;voto non previsto;F;100
2023;TTTTT;TOTALE ATENEI;ITALIA;ITALIA;voto non previsto;M;38
2023;00101;Torino - Università degli studi;Piemonte;NORD-OVEST;66-90;M;665
2023;00101;Torino - Università degli studi;Piemonte;NORD-OVEST;91-100;F;2376
2023;00101;Torino - Università degli studi;Piemonte;NORD-OVEST;106-110;M;1078
2023;00101;Torino - Università degli studi;Piemonte;NORD-OVEST;101-105;F;1849
2023;00101;Torino - Università degli studi;Piemonte;NORD-OVEST;66-90;F;636
2023;00101;Torino - Università degli studi;Piemonte;NORD-OVEST;110 e lode;F;2149
2023;00101;Torino - Università degli studi;Piemonte;NORD-OVEST;91-100;M;1617
2023;00101;Torino - Università degli studi;Piemonte;NORD-OVEST;101-105;M;1004
2023;00101;Torino - Università degli studi;Piemonte;NORD-OVEST;110 e lode;M;1106
2023;00101;Torino - Università degli studi;Piemonte;NORD-OVEST;106-110;F;2203
2023;00102;Torino - Politecnico;Piemonte;NORD-OVEST;66-90;F;367
2023;00102;Torino - Politecnico;Piemonte;NORD-OVEST;91-100;F;781
2023;00102;Torino - Politecnico;Piemonte;NORD-OVEST;110 e lode;M;717
2023;00102;Torino - Politecnico;Piemonte;NORD-OVEST;106-110;F;502
2023;00102;Torino - Politecnico;Piemonte;NORD-OVEST;101-105;M;889
2023;00102;Torino - Politecnico;Piemonte;NORD-OVEST;110 e lode;F;321
2023;00102;Torino - Politecnico;Piemonte;NORD-OVEST;66-90;M;1107
2023;00102;Torino - Politecnico;Piemonte;NORD-OVEST;106-110;M;1005
2023;00102;Torino - Politecnico;Piemonte;NORD-OVEST;91-100;M;1550
2023;00102;Torino - Politecnico;Piemonte;NORD-OVEST;101-105;F;494
2023;00201;"Vercelli - Università degli studi del Piemonte orientale ""A. Avogadro""";Piemonte;NORD-OVEST;66-90;F;177
2023;00201;"Vercelli - Università degli studi del Piemonte orientale ""A. Avogadro""";Piemonte;NORD-OVEST;110 e lode;M;123
2023;00201;"Vercelli - Università degli studi del Piemonte orientale ""A. Avogadro""";Piemonte;NORD-OVEST;91-100;F;530
2023;00201;"Vercelli - Università degli studi del Piemonte orientale ""A. Avogadro""";Piemonte;NORD-OVEST;106-110;M;137
2023;00201;"Vercelli - Università degli studi del Piemonte orientale ""A. Avogadro""";Piemonte;NORD-OVEST;101-105;M;147
2023;00201;"Vercelli - Università degli studi del Piemonte orientale ""A. Avogadro""";Piemonte;NORD-OVEST;110 e lode;F;250
2023;00201;"Vercelli - Università degli studi del Piemonte orientale ""A. Avogadro""";Piemonte;NORD-OVEST;91-100;M;295
2023;00201;"Vercelli - Università degli studi del Piemonte orientale ""A. Avogadro""";Piemonte;NORD-OVEST;66-90;M;155
2023;00201;"Vercelli - Università degli studi del Piemonte orientale ""A. Avogadro""";Piemonte;NORD-OVEST;101-105;F;268
2023;00201;"Vercelli - Università degli studi del Piemonte orientale ""A. Avogadro""";Piemonte;NORD-OVEST;106-110;F;291
2023;00401;Bra (CN) - Università di Scienze Gastronomiche;Piemonte;NORD-OVEST;110 e lode;M;4
2023;00401;Bra (CN) - Università di Scienze Gastronomiche;Piemonte;NORD-OVEST;66-90;F;2
2023;00401;Bra (CN) - Università di Scienze Gastronomiche;Piemonte;NORD-OVEST;106-110;F;33
2023;00401;Bra (CN) - Università di Scienze Gastronomiche;Piemonte;NORD-OVEST;110 e lode;F;10
2023;00401;Bra (CN) - Università di Scienze Gastronomiche;Piemonte;NORD-OVEST;101-105;F;16
2023;00401;Bra (CN) - Università di Scienze Gastronomiche;Piemonte;NORD-OVEST;101-105;M;15
2023;00401;Bra (CN) - Università di Scienze Gastronomiche;Piemonte;NORD-OVEST;91-100;M;16
2023;00401;Bra (CN) - Università di Scienze Gastronomiche;Piemonte;NORD-OVEST;91-100;F;9
2023;00401;Bra (CN) - Università di Scienze Gastronomiche;Piemonte;NORD-OVEST;106-110;M;15
2023;00701;Aosta - Università degli studi;Valle d'Aosta;NORD-OVEST;106-110;F;38
2023;00701;Aosta - Università degli studi;Valle d'Aosta;NORD-OVEST;110 e lode;F;32
2023;00701;Aosta - Università degli studi;Valle d'Aosta;NORD-OVEST;66-90;F;13
2023;00701;Aosta - Università degli studi;Valle d'Aosta;NORD-OVEST;91-100;F;51
2023;00701;Aosta - Università degli studi;Valle d'Aosta;NORD-OVEST;66-90;M;9
2023;00701;Aosta - Università degli studi;Valle d'Aosta;NORD-OVEST;91-100;M;18
2023;00701;Aosta - Università degli studi;Valle d'Aosta;NORD-OVEST;101-105;F;47
2023;00701;Aosta - Università degli studi;Valle d'Aosta;NORD-OVEST;106-110;M;12
2023;00701;Aosta - Università degli studi;Valle d'Aosta;NORD-OVEST;110 e lode;M;7
2023;00701;Aosta - Università degli studi;Valle d'Aosta;NORD-OVEST;101-105;M;7
2023;01001;Genova - Università degli studi;Liguria;NORD-OVEST;66-90;M;227
2023;01001;Genova - Università degli studi;Liguria;NORD-OVEST;110 e lode;F;976
2023;01001;Genova - Università degli studi;Liguria;NORD-OVEST;101-105;M;417
2023;01001;Genova - Università degli studi;Liguria;NORD-OVEST;106-110;M;562
2023;01001;Genova - Università degli studi;Liguria;NORD-OVEST;91-100;F;741
2023;01001;Genova - Università degli studi;Liguria;NORD-OVEST;101-105;F;675
2023;01001;Genova - Università degli studi;Liguria;NORD-OVEST;106-110;F;685
2023;01001;Genova - Università degli studi;Liguria;NORD-OVEST;66-90;F;175
2023;01001;Genova - Università degli studi;Liguria;NORD-OVEST;110 e lode;M;573
2023;01001;Genova - Università degli studi;Liguria;NORD-OVEST;91-100;M;582
2023;01201;"Castellanza - Università ""Carlo Cattaneo""";Lombardia;NORD-OVEST;110 e lode;M;55
2023;01201;"Castellanza - Università ""Carlo Cattaneo""";Lombardia;NORD-OVEST;66-90;F;21
2023;01201;"Castellanza - Università ""Carlo Cattaneo""";Lombardia;NORD-OVEST;66-90;M;73
2023;01201;"Castellanza - Università ""Carlo Cattaneo""";Lombardia;NORD-OVEST;106-110;F;61
2023;01201;"Castellanza - Università ""Carlo Cattaneo""";Lombardia;NORD-OVEST;101-105;F;56
2023;01201;"Castellanza - Università ""Carlo Cattaneo""";Lombardia;NORD-OVEST;91-100;F;76
2023;01201;"Castellanza - Università ""Carlo Cattaneo""";Lombardia;NORD-OVEST;110 e lode;F;57
2023;01201;"Castellanza - Università ""Carlo Cattaneo""";Lombardia;NORD-OVEST;106-110;M;94
2023;01201;"Castellanza - Università ""Carlo Cattaneo""";Lombardia;NORD-OVEST;91-100;M;136
2023;01201;"Castellanza - Università ""Carlo Cattaneo""";Lombardia;NORD-OVEST;101-105;M;95
2023;01202;Varese - Università dell' Insubria;Lombardia;NORD-OVEST;106-110;F;264
2023;01202;Varese - Università dell' Insubria;Lombardia;NORD-OVEST;66-90;F;102
2023;01202;Varese - Università dell' Insubria;Lombardia;NORD-OVEST;101-105;F;264
2023;01202;Varese - Università dell' Insubria;Lombardia;NORD-OVEST;110 e lode;M;171
2023;01202;Varese - Università dell' Insubria;Lombardia;NORD-OVEST;110 e lode;F;350
2023;01202;Varese - Università dell' Insubria;Lombardia;NORD-OVEST;91-100;F;317
2023;01202;Varese - Università dell' Insubria;Lombardia;NORD-OVEST;66-90;M;160
2023;01202;Varese - Università dell' Insubria;Lombardia;NORD-OVEST;106-110;M;156
2023;01202;Varese - Università dell' Insubria;Lombardia;NORD-OVEST;91-100;M;302
2023;01202;Varese - Università dell' Insubria;Lombardia;NORD-OVEST;101-105;M;159
2023;01301;"Novedrate (CO) - Università telematica ""e-Campus""";Lombardia;NORD-OVEST;101-105;F;756
2023;01301;"Novedrate (CO) - Università telematica ""e-Campus""";Lombardia;NORD-OVEST;110 e lode;M;19
2023;01301;"Novedrate (CO) - Università telematica ""e-Campus""";Lombardia;NORD-OVEST;106-110;F;170
2023;01301;"Novedrate (CO) - Università telematica ""e-Campus""";Lombardia;NORD-OVEST;91-100;F;3561
2023;01301;"Novedrate (CO) - Università telematica ""e-Campus""";Lombardia;NORD-OVEST;66-90;F;3182
2023;01301;"Novedrate (CO) - Università telematica ""e-Campus""";Lombardia;NORD-OVEST;voto non previsto;F;3
2023;01301;"Novedrate (CO) - Università telematica ""e-Campus""";Lombardia;NORD-OVEST;110 e lode;F;68
2023;01301;"Novedrate (CO) - Università telematica ""e-Campus""";Lombardia;NORD-OVEST;106-110;M;70
2023;01301;"Novedrate (CO) - Università telematica ""e-Campus""";Lombardia;NORD-OVEST;66-90;M;3256
2023;01301;"Novedrate (CO) - Università telematica ""e-Campus""";Lombardia;NORD-OVEST;101-105;M;424
2023;01301;"Novedrate (CO) - Università telematica ""e-Campus""";Lombardia;NORD-OVEST;91-100;M;2570
2023;01501;Milano - Università degli studi;Lombardia;NORD-OVEST;110 e lode;M;1177
2023;01501;Milano - Università degli studi;Lombardia;NORD-OVEST;66-90;F;420
2023;01501;Milano - Università degli studi;Lombardia;NORD-OVEST;101-105;F;1466
2023;01501;Milano - Università degli studi;Lombardia;NORD-OVEST;66-90;M;378
2023;01501;Milano - Università degli studi;Lombardia;NORD-OVEST;110 e lode;F;2019
2023;01501;Milano - Università degli studi;Lombardia;NORD-OVEST;91-100;M;1086
2023;01501;Milano - Università degli studi;Lombardia;NORD-OVEST;106-110;F;1737
2023;01501;Milano - Università degli studi;Lombardia;NORD-OVEST;106-110;M;877
2023;01501;Milano - Università degli studi;Lombardia;NORD-OVEST;91-100;F;1795
2023;01501;Milano - Università degli studi;Lombardia;NORD-OVEST;101-105;M;840
2023;01502;Milano - Politecnico;Lombardia;NORD-OVEST;91-100;M;2626
2023;01502;Milano - Politecnico;Lombardia;NORD-OVEST;110 e lode;F;692
2023;01502;Milano - Politecnico;Lombardia;NORD-OVEST;66-90;F;412
2023;01502;Milano - Politecnico;Lombardia;NORD-OVEST;91-100;F;1163
2023;01502;Milano - Politecnico;Lombardia;NORD-OVEST;106-110;F;1620
2023;01502;Milano - Politecnico;Lombardia;NORD-OVEST;110 e lode;M;935
2023;01502;Milano - Politecnico;Lombardia;NORD-OVEST;66-90;M;1420
2023;01502;Milano - Politecnico;Lombardia;NORD-OVEST;101-105;F;1052
2023;01502;Milano - Politecnico;Lombardia;NORD-OVEST;101-105;M;1578
2023;01502;Milano - Politecnico;Lombardia;NORD-OVEST;106-110;M;1804
2023;01503;"Milano - Università commerciale ""Luigi Bocconi""";Lombardia;NORD-OVEST;110 e lode;M;617
2023;01503;"Milano - Università commerciale ""Luigi Bocconi""";Lombardia;NORD-OVEST;91-100;M;692
2023;01503;"Milano - Università commerciale ""Luigi Bocconi""";Lombardia;NORD-OVEST;66-90;M;292
2023;01503;"Milano - Università commerciale ""Luigi Bocconi""";Lombardia;NORD-OVEST;101-105;M;601
2023;01503;"Milano - Università commerciale ""Luigi Bocconi""";Lombardia;NORD-OVEST;91-100;F;518
2023;01503;"Milano - Università commerciale ""Luigi Bocconi""";Lombardia;NORD-OVEST;106-110;M;590
2023;01503;"Milano - Università commerciale ""Luigi Bocconi""";Lombardia;NORD-OVEST;66-90;F;148
2023;01503;"Milano - Università commerciale ""Luigi Bocconi""";Lombardia;NORD-OVEST;101-105;F;467
2023;01503;"Milano - Università commerciale ""Luigi Bocconi""";Lombardia;NORD-OVEST;110 e lode;F;388
2023;01503;"Milano - Università commerciale ""Luigi Bocconi""";Lombardia;NORD-OVEST;106-110;F;487
2023;01504;"Milano - Università Cattolica del ""Sacro Cuore""";Lombardia;NORD-OVEST;voto non previsto;F;8
2023;01504;"Milano - Università Cattolica del ""Sacro Cuore""";Lombardia;NORD-OVEST;106-110;M;750
2023;01504;"Milano - Università Cattolica del ""Sacro Cuore""";Lombardia;NORD-OVEST;101-105;M;628
2023;01504;"Milano - Università Cattolica del ""Sacro Cuore""";Lombardia;NORD-OVEST;voto non previsto;M;3
2023;01504;"Milano - Università Cattolica del ""Sacro Cuore""";Lombardia;NORD-OVEST;91-100;M;884
2023;01504;"Milano - Università Cattolica del ""Sacro Cuore""";Lombardia;NORD-OVEST;110 e lode;F;2747
2023;01504;"Milano - Università Cattolica del ""Sacro Cuore""";Lombardia;NORD-OVEST;106-110;F;2069
2023;01504;"Milano - Università Cattolica del ""Sacro Cuore""";Lombardia;NORD-OVEST;101-105;F;1347
2023;01504;"Milano - Università Cattolica del ""Sacro Cuore""";Lombardia;NORD-OVEST;66-90;F;255
2023;01504;"Milano - Università Cattolica del ""Sacro Cuore""";Lombardia;NORD-OVEST;91-100;F;1343
2023;01504;"Milano - Università Cattolica del ""Sacro Cuore""";Lombardia;NORD-OVEST;110 e lode;M;988
2023;01504;"Milano - Università Cattolica del ""Sacro Cuore""";Lombardia;NORD-OVEST;66-90;M;326
2023;01505;Milano - Libera Università di Lingue e Comunicazione (IULM);Lombardia;NORD-OVEST;106-110;M;90
2023;01505;Milano - Libera Università di Lingue e Comunicazione (IULM);Lombardia;NORD-OVEST;101-105;M;89
2023;01505;Milano - Libera Università di Lingue e Comunicazione (IULM);Lombardia;NORD-OVEST;91-100;M;188
2023;01505;Milano - Libera Università di Lingue e Comunicazione (IULM);Lombardia;NORD-OVEST;101-105;F;375
2023;01505;Milano - Libera Università di Lingue e Comunicazione (IULM);Lombardia;NORD-OVEST;91-100;F;554
2023;01505;Milano - Libera Università di Lingue e Comunicazione (IULM);Lombardia;NORD-OVEST;110 e lode;M;44
2023;01505;Milano - Libera Università di Lingue e Comunicazione (IULM);Lombardia;NORD-OVEST;110 e lode;F;246
2023;01505;Milano - Libera Università di Lingue e Comunicazione (IULM);Lombardia;NORD-OVEST;66-90;M;113
2023;01505;Milano - Libera Università di Lingue e Comunicazione (IULM);Lombardia;NORD-OVEST;106-110;F;362
2023;01505;Milano - Libera Università di Lingue e Comunicazione (IULM);Lombardia;NORD-OVEST;66-90;F;167
2023;01508;Milano - Università Vita-Salute San Raffaele;Lombardia;NORD-OVEST;101-105;M;30
2023;01508;Milano - Università Vita-Salute San Raffaele;Lombardia;NORD-OVEST;91-100;F;61
2023;01508;Milano - Università Vita-Salute San Raffaele;Lombardia;NORD-OVEST;110 e lode;F;245
2023;01508;Milano - Università Vita-Salute San Raffaele;Lombardia;NORD-OVEST;66-90;M;3
2023;01508;Milano - Università Vita-Salute San Raffaele;Lombardia;NORD-OVEST;66-90;F;11
2023;01508;Milano - Università Vita-Salute San Raffaele;Lombardia;NORD-OVEST;106-110;M;60
2023;01508;Milano - Università Vita-Salute San Raffaele;Lombardia;NORD-OVEST;106-110;F;170
2023;01508;Milano - Università Vita-Salute San Raffaele;Lombardia;NORD-OVEST;91-100;M;26
2023;01508;Milano - Università Vita-Salute San Raffaele;Lombardia;NORD-OVEST;101-105;F;88
2023;01508;Milano - Università Vita-Salute San Raffaele;Lombardia;NORD-OVEST;110 e lode;M;103
2023;01509;Milano-Bicocca - Università degli studi;Lombardia;NORD-OVEST;voto non previsto;M;2
2023;01509;Milano-Bicocca - Università degli studi;Lombardia;NORD-OVEST;66-90;F;211
2023;01509;Milano-Bicocca - Università degli studi;Lombardia;NORD-OVEST;110 e lode;F;1285
2023;01509;Milano-Bicocca - Università degli studi;Lombardia;NORD-OVEST;66-90;M;262
2023;01509;Milano-Bicocca - Università degli studi;Lombardia;NORD-OVEST;91-100;M;780
2023;01509;Milano-Bicocca - Università degli studi;Lombardia;NORD-OVEST;110 e lode;M;598
2023;01509;Milano-Bicocca - Università degli studi;Lombardia;NORD-OVEST;voto non previsto;F;10
2023;01509;Milano-Bicocca - Università degli studi;Lombardia;NORD-OVEST;106-110;M;518
2023;01509;Milano-Bicocca - Università degli studi;Lombardia;NORD-OVEST;101-105;M;509
2023;01509;Milano-Bicocca - Università degli studi;Lombardia;NORD-OVEST;106-110;F;1120
2023;01509;Milano-Bicocca - Università degli studi;Lombardia;NORD-OVEST;91-100;F;1030
2023;01509;Milano-Bicocca - Università degli studi;Lombardia;NORD-OVEST;101-105;F;956
2023;01510;Rozzano (MI) - Humanitas University;Lombardia;NORD-OVEST;91-100;M;14
2023;01510;Rozzano (MI) - Humanitas University;Lombardia;NORD-OVEST;110 e lode;M;39
2023;01510;Rozzano (MI) - Humanitas University;Lombardia;NORD-OVEST;106-110;M;17
2023;01510;Rozzano (MI) - Humanitas University;Lombardia;NORD-OVEST;101-105;M;22
2023;01510;Rozzano (MI) - Humanitas University;Lombardia;NORD-OVEST;66-90;M;3
2023;01510;Rozzano (MI) - Humanitas University;Lombardia;NORD-OVEST;106-110;F;36
2023;01510;Rozzano (MI) - Humanitas University;Lombardia;NORD-OVEST;110 e lode;F;55
2023;01510;Rozzano (MI) - Humanitas University;Lombardia;NORD-OVEST;66-90;F;3
2023;01510;Rozzano (MI) - Humanitas University;Lombardia;NORD-OVEST;91-100;F;48
2023;01510;Rozzano (MI) - Humanitas University;Lombardia;NORD-OVEST;101-105;F;40
2023;01601;Bergamo - Università degli studi;Lombardia;NORD-OVEST;110 e lode;F;472
2023;01601;Bergamo - Università degli studi;Lombardia;NORD-OVEST;66-90;F;333
2023;01601;Bergamo - Università degli studi;Lombardia;NORD-OVEST;101-105;F;615
2023;01601;Bergamo - Università degli studi;Lombardia;NORD-OVEST;101-105;M;248
2023;01601;Bergamo - Università degli studi;Lombardia;NORD-OVEST;66-90;M;336
2023;01601;Bergamo - Università degli studi;Lombardia;NORD-OVEST;91-100;F;952
2023;01601;Bergamo - Università degli studi;Lombardia;NORD-OVEST;110 e lode;M;230
2023;01601;Bergamo - Università degli studi;Lombardia;NORD-OVEST;106-110;M;223
2023;01601;Bergamo - Università degli studi;Lombardia;NORD-OVEST;91-100;M;473
2023;01601;Bergamo - Università degli studi;Lombardia;NORD-OVEST;106-110;F;605
2023;01701;Brescia - Università degli studi;Lombardia;NORD-OVEST;91-100;M;507
2023;01701;Brescia - Università degli studi;Lombardia;NORD-OVEST;106-110;F;231
2023;01701;Brescia - Università degli studi;Lombardia;NORD-OVEST;66-90;F;176
2023;01701;Brescia - Università degli studi;Lombardia;NORD-OVEST;110 e lode;F;293
2023;01701;Brescia - Università degli studi;Lombardia;NORD-OVEST;101-105;M;242
2023;01701;Brescia - Università degli studi;Lombardia;NORD-OVEST;106-110;M;193
2023;01701;Brescia - Università degli studi;Lombardia;NORD-OVEST;110 e lode;M;237
2023;01701;Brescia - Università degli studi;Lombardia;NORD-OVEST;91-100;F;345
2023;01701;Brescia - Università degli studi;Lombardia;NORD-OVEST;66-90;M;287
2023;01701;Brescia - Università degli studi;Lombardia;NORD-OVEST;101-105;F;241
2023;01801;Pavia - Università degli studi;Lombardia;NORD-OVEST;66-90;M;239
2023;01801;Pavia - Università degli studi;Lombardia;NORD-OVEST;110 e lode;F;849
2023;01801;Pavia - Università degli studi;Lombardia;NORD-OVEST;voto non previsto;M;2
2023;01801;Pavia - Università degli studi;Lombardia;NORD-OVEST;66-90;F;185
2023;01801;Pavia - Università degli studi;Lombardia;NORD-OVEST;91-100;M;529
2023;01801;Pavia - Università degli studi;Lombardia;NORD-OVEST;voto non previsto;F;4
2023;01801;Pavia - Università degli studi;Lombardia;NORD-OVEST;110 e lode;M;457
2023;01801;Pavia - Università degli studi;Lombardia;NORD-OVEST;106-110;M;460
2023;01801;Pavia - Università degli studi;Lombardia;NORD-OVEST;101-105;M;387
2023;01801;Pavia - Università degli studi;Lombardia;NORD-OVEST;91-100;F;653
2023;01801;Pavia - Università degli studi;Lombardia;NORD-OVEST;101-105;F;487
2023;01801;Pavia - Università degli studi;Lombardia;NORD-OVEST;106-110;F;705
2023;02101;Bolzano - Libera Università;Trentino Alto Adige;NORD-EST;110 e lode;M;53
2023;02101;Bolzano - Libera Università;Trentino Alto Adige;NORD-EST;66-90;F;34
2023;02101;Bolzano - Libera Università;Trentino Alto Adige;NORD-EST;106-110;F;159
2023;02101;Bolzano - Libera Università;Trentino Alto Adige;NORD-EST;101-105;F;149
2023;02101;Bolzano - Libera Università;Trentino Alto Adige;NORD-EST;91-100;F;170
2023;02101;Bolzano - Libera Università;Trentino Alto Adige;NORD-EST;106-110;M;64
2023;02101;Bolzano - Libera Università;Trentino Alto Adige;NORD-EST;101-105;M;49
2023;02101;Bolzano - Libera Università;Trentino Alto Adige;NORD-EST;110 e lode;F;85
2023;02101;Bolzano - Libera Università;Trentino Alto Adige;NORD-EST;66-90;M;18
2023;02101;Bolzano - Libera Università;Trentino Alto Adige;NORD-EST;91-100;M;95
2023;02201;Trento - Università degli studi;Trentino Alto Adige;NORD-EST;101-105;M;329
2023;02201;Trento - Università degli studi;Trentino Alto Adige;NORD-EST;66-90;F;113
2023;02201;Trento - Università degli studi;Trentino Alto Adige;NORD-EST;110 e lode;M;422
2023;02201;Trento - Università degli studi;Trentino Alto Adige;NORD-EST;106-110;M;411
2023;02201;Trento - Università degli studi;Trentino Alto Adige;NORD-EST;66-90;M;118
2023;02201;Trento - Università degli studi;Trentino Alto Adige;NORD-EST;91-100;F;432
2023;02201;Trento - Università degli studi;Trentino Alto Adige;NORD-EST;101-105;F;409
2023;02201;Trento - Università degli studi;Trentino Alto Adige;NORD-EST;106-110;F;546
2023;02201;Trento - Università degli studi;Trentino Alto Adige;NORD-EST;110 e lode;F;576
2023;02201;Trento - Università degli studi;Trentino Alto Adige;NORD-EST;91-100;M;526
2023;02301;Verona - Università degli studi;Veneto;NORD-EST;66-90;M;179
2023;02301;Verona - Università degli studi;Veneto;NORD-EST;101-105;M;307
2023;02301;Verona - Università degli studi;Veneto;NORD-EST;106-110;M;303
2023;02301;Verona - Università degli studi;Veneto;NORD-EST;110 e lode;F;1036
2023;02301;Verona - Università degli studi;Veneto;NORD-EST;91-100;F;884
2023;02301;Verona - Università degli studi;Veneto;NORD-EST;91-100;M;456
2023;02301;Verona - Università degli studi;Veneto;NORD-EST;66-90;F;204
2023;02301;Verona - Università degli studi;Veneto;NORD-EST;106-110;F;800
2023;02301;Verona - Università degli studi;Veneto;NORD-EST;101-105;F;728
2023;02301;Verona - Università degli studi;Veneto;NORD-EST;110 e lode;M;400
2023;02701;Venezia - Università Ca' Foscari Venezia;Veneto;NORD-EST;101-105;M;294
2023;02701;Venezia - Università Ca' Foscari Venezia;Veneto;NORD-EST;91-100;M;479
2023;02701;Venezia - Università Ca' Foscari Venezia;Veneto;NORD-EST;106-110;M;322
2023;02701;Venezia - Università Ca' Foscari Venezia;Veneto;NORD-EST;66-90;F;178
2023;02701;Venezia - Università Ca' Foscari Venezia;Veneto;NORD-EST;110 e lode;F;1069
2023;02701;Venezia - Università Ca' Foscari Venezia;Veneto;NORD-EST;91-100;F;662
2023;02701;Venezia - Università Ca' Foscari Venezia;Veneto;NORD-EST;66-90;M;159
2023;02701;Venezia - Università Ca' Foscari Venezia;Veneto;NORD-EST;101-105;F;599
2023;02701;Venezia - Università Ca' Foscari Venezia;Veneto;NORD-EST;106-110;F;801
2023;02701;Venezia - Università Ca' Foscari Venezia;Veneto;NORD-EST;110 e lode;M;454
2023;02702;Venezia - Università IUAV;Veneto;NORD-EST;110 e lode;M;120
2023;02702;Venezia - Università IUAV;Veneto;NORD-EST;91-100;M;79
2023;02702;Venezia - Università IUAV;Veneto;NORD-EST;66-90;M;5
2023;02702;Venezia - Università IUAV;Veneto;NORD-EST;106-110;M;152
2023;02702;Venezia - Università IUAV;Veneto;NORD-EST;101-105;F;148
2023;02702;Venezia - Università IUAV;Veneto;NORD-EST;110 e lode;F;162
2023;02702;Venezia - Università IUAV;Veneto;NORD-EST;106-110;F;279
2023;02702;Venezia - Università IUAV;Veneto;NORD-EST;66-90;F;3
2023;02702;Venezia - Università IUAV;Veneto;NORD-EST;101-105;M;119
2023;02702;Venezia - Università IUAV;Veneto;NORD-EST;91-100;F;80
2023;02801;Padova - Università degli studi;Veneto;NORD-EST;101-105;F;1521
2023;02801;Padova - Università degli studi;Veneto;NORD-EST;101-105;M;1167
2023;02801;Padova - Università degli studi;Veneto;NORD-EST;91-100;F;1830
2023;02801;Padova - Università degli studi;Veneto;NORD-EST;91-100;M;1680
2023;02801;Padova - Università degli studi;Veneto;NORD-EST;106-110;M;1428
2023;02801;Padova - Università degli studi;Veneto;NORD-EST;66-90;F;483
2023;02801;Padova - Università degli studi;Veneto;NORD-EST;voto non previsto;M;5
2023;02801;Padova - Università degli studi;Veneto;NORD-EST;110 e lode;M;1311
2023;02801;Padova - Università degli studi;Veneto;NORD-EST;106-110;F;2103
2023;02801;Padova - Università degli studi;Veneto;NORD-EST;110 e lode;F;2266
2023;02801;Padova - Università degli studi;Veneto;NORD-EST;voto non previsto;F;6
2023;02801;Padova - Università degli studi;Veneto;NORD-EST;66-90;M;844
2023;03001;Udine - Università degli studi;Friuli Venezia Giulia;NORD-EST;106-110;M;250
2023;03001;Udine - Università degli studi;Friuli Venezia Giulia;NORD-EST;66-90;M;219
2023;03001;Udine - Università degli studi;Friuli Venezia Giulia;NORD-EST;110 e lode;M;253
2023;03001;Udine - Università degli studi;Friuli Venezia Giulia;NORD-EST;91-100;M;388
2023;03001;Udine - Università degli studi;Friuli Venezia Giulia;NORD-EST;voto non previsto;F;5
2023;03001;Udine - Università degli studi;Friuli Venezia Giulia;NORD-EST;106-110;F;382
2023;03001;Udine - Università degli studi;Friuli Venezia Giulia;NORD-EST;voto non previsto;M;1
2023;03001;Udine - Università degli studi;Friuli Venezia Giulia;NORD-EST;91-100;F;375
2023;03001;Udine - Università degli studi;Friuli Venezia Giulia;NORD-EST;101-105;F;318
2023;03001;Udine - Università degli studi;Friuli Venezia Giulia;NORD-EST;66-90;F;145
2023;03001;Udine - Università degli studi;Friuli Venezia Giulia;NORD-EST;110 e lode;F;415
2023;03001;Udine - Università degli studi;Friuli Venezia Giulia;NORD-EST;101-105;M;239
2023;03201;Trieste - Università degli studi;Friuli Venezia Giulia;NORD-EST;101-105;F;386
2023;03201;Trieste - Università degli studi;Friuli Venezia Giulia;NORD-EST;91-100;F;448
2023;03201;Trieste - Università degli studi;Friuli Venezia Giulia;NORD-EST;66-90;F;92
2023;03201;Trieste - Università degli studi;Friuli Venezia Giulia;NORD-EST;106-110;F;436
2023;03201;Trieste - Università degli studi;Friuli Venezia Giulia;NORD-EST;106-110;M;268
2023;03201;Trieste - Università degli studi;Friuli Venezia Giulia;NORD-EST;110 e lode;M;371
2023;03201;Trieste - Università degli studi;Friuli Venezia Giulia;NORD-EST;91-100;M;303
2023;03201;Trieste - Università degli studi;Friuli Venezia Giulia;NORD-EST;66-90;M;124
2023;03201;Trieste - Università degli studi;Friuli Venezia Giulia;NORD-EST;voto non previsto;F;7
2023;03201;Trieste - Università degli studi;Friuli Venezia Giulia;NORD-EST;101-105;M;224
2023;03201;Trieste - Università degli studi;Friuli Venezia Giulia;NORD-EST;110 e lode;F;550
2023;03201;Trieste - Università degli studi;Friuli Venezia Giulia;NORD-EST;voto non previsto;M;6
2023;03401;Parma - Università degli studi;Emilia Romagna;NORD-EST;66-90;F;269
2023;03401;Parma - Università degli studi;Emilia Romagna;NORD-EST;91-100;M;661
2023;03401;Parma - Università degli studi;Emilia Romagna;NORD-EST;106-110;M;388
2023;03401;Parma - Università degli studi;Emilia Romagna;NORD-EST;101-105;M;370
2023;03401;Parma - Università degli studi;Emilia Romagna;NORD-EST;110 e lode;M;419
2023;03401;Parma - Università degli studi;Emilia Romagna;NORD-EST;voto non previsto;F;10
2023;03401;Parma - Università degli studi;Emilia Romagna;NORD-EST;101-105;F;698
2023;03401;Parma - Università degli studi;Emilia Romagna;NORD-EST;110 e lode;F;779
2023;03401;Parma - Università degli studi;Emilia Romagna;NORD-EST;91-100;F;873
2023;03401;Parma - Università degli studi;Emilia Romagna;NORD-EST;voto non previsto;M;3
2023;03401;Parma - Università degli studi;Emilia Romagna;NORD-EST;106-110;F;880
2023;03401;Parma - Università degli studi;Emilia Romagna;NORD-EST;66-90;M;302
2023;03601;Modena e Reggio Emilia - Università degli studi;Emilia Romagna;NORD-EST;66-90;F;293
2023;03601;Modena e Reggio Emilia - Università degli studi;Emilia Romagna;NORD-EST;110 e lode;M;469
2023;03601;Modena e Reggio Emilia - Università degli studi;Emilia Romagna;NORD-EST;voto non previsto;M;1
2023;03601;Modena e Reggio Emilia - Università degli studi;Emilia Romagna;NORD-EST;110 e lode;F;677
2023;03601;Modena e Reggio Emilia - Università degli studi;Emilia Romagna;NORD-EST;106-110;F;699
2023;03601;Modena e Reggio Emilia - Università degli studi;Emilia Romagna;NORD-EST;91-100;M;795
2023;03601;Modena e Reggio Emilia - Università degli studi;Emilia Romagna;NORD-EST;101-105;F;681
2023;03601;Modena e Reggio Emilia - Università degli studi;Emilia Romagna;NORD-EST;voto non previsto;F;8
2023;03601;Modena e Reggio Emilia - Università degli studi;Emilia Romagna;NORD-EST;106-110;M;482
2023;03601;Modena e Reggio Emilia - Università degli studi;Emilia Romagna;NORD-EST;91-100;F;835
2023;03601;Modena e Reggio Emilia - Università degli studi;Emilia Romagna;NORD-EST;101-105;M;420
2023;03601;Modena e Reggio Emilia - Università degli studi;Emilia Romagna;NORD-EST;66-90;M;365
2023;03701;Bologna - Università degli studi;Emilia Romagna;NORD-EST;106-110;M;1848
2023;03701;Bologna - Università degli studi;Emilia Romagna;NORD-EST;91-100;M;2007
2023;03701;Bologna - Università degli studi;Emilia Romagna;NORD-EST;110 e lode;M;2313
2023;03701;Bologna - Università degli studi;Emilia Romagna;NORD-EST;66-90;F;474
2023;03701;Bologna - Università degli studi;Emilia Romagna;NORD-EST;101-105;F;2174
2023;03701;Bologna - Università degli studi;Emilia Romagna;NORD-EST;91-100;F;2097
2023;03701;Bologna - Università degli studi;Emilia Romagna;NORD-EST;101-105;M;1569
2023;03701;Bologna - Università degli studi;Emilia Romagna;NORD-EST;110 e lode;F;3698
2023;03701;Bologna - Università degli studi;Emilia Romagna;NORD-EST;66-90;M;647
2023;03701;Bologna - Università degli studi;Emilia Romagna;NORD-EST;106-110;F;2889
2023;03801;Ferrara - Università degli studi;Emilia Romagna;NORD-EST;91-100;F;1161
2023;03801;Ferrara - Università degli studi;Emilia Romagna;NORD-EST;66-90;M;303
2023;03801;Ferrara - Università degli studi;Emilia Romagna;NORD-EST;106-110;F;637
2023;03801;Ferrara - Università degli studi;Emilia Romagna;NORD-EST;voto non previsto;F;2
2023;03801;Ferrara - Università degli studi;Emilia Romagna;NORD-EST;106-110;M;318
2023;03801;Ferrara - Università degli studi;Emilia Romagna;NORD-EST;110 e lode;F;624
2023;03801;Ferrara - Università degli studi;Emilia Romagna;NORD-EST;voto non previsto;M;1
2023;03801;Ferrara - Università degli studi;Emilia Romagna;NORD-EST;91-100;M;757
2023;03801;Ferrara - Università degli studi;Emilia Romagna;NORD-EST;66-90;F;372
2023;03801;Ferrara - Università degli studi;Emilia Romagna;NORD-EST;101-105;F;725
2023;03801;Ferrara - Università degli studi;Emilia Romagna;NORD-EST;110 e lode;M;286
2023;03801;Ferrara - Università degli studi;Emilia Romagna;NORD-EST;101-105;M;393
2023;04101;"Urbino - Università degli studi ""Carlo Bo""";Marche;CENTRO;101-105;F;459
2023;04101;"Urbino - Università degli studi ""Carlo Bo""";Marche;CENTRO;66-90;M;145
2023;04101;"Urbino - Università degli studi ""Carlo Bo""";Marche;CENTRO;110 e lode;M;123
2023;04101;"Urbino - Università degli studi ""Carlo Bo""";Marche;CENTRO;voto non previsto;F;1
2023;04101;"Urbino - Università degli studi ""Carlo Bo""";Marche;CENTRO;91-100;F;577
2023;04101;"Urbino - Università degli studi ""Carlo Bo""";Marche;CENTRO;110 e lode;F;356
2023;04101;"Urbino - Università degli studi ""Carlo Bo""";Marche;CENTRO;66-90;F;130
2023;04101;"Urbino - Università degli studi ""Carlo Bo""";Marche;CENTRO;101-105;M;163
2023;04101;"Urbino - Università degli studi ""Carlo Bo""";Marche;CENTRO;106-110;M;111
2023;04101;"Urbino - Università degli studi ""Carlo Bo""";Marche;CENTRO;91-100;M;367
2023;04101;"Urbino - Università degli studi ""Carlo Bo""";Marche;CENTRO;106-110;F;426
2023;04201;Ancona - Università Politecnica delle Marche;Marche;CENTRO;106-110;M;273
2023;04201;Ancona - Università Politecnica delle Marche;Marche;CENTRO;106-110;F;262
2023;04201;Ancona - Università Politecnica delle Marche;Marche;CENTRO;101-105;F;214
2023;04201;Ancona - Università Politecnica delle Marche;Marche;CENTRO;66-90;F;71
2023;04201;Ancona - Università Politecnica delle Marche;Marche;CENTRO;110 e lode;F;476
2023;04201;Ancona - Università Politecnica delle Marche;Marche;CENTRO;91-100;M;372
2023;04201;Ancona - Università Politecnica delle Marche;Marche;CENTRO;91-100;F;267
2023;04201;Ancona - Università Politecnica delle Marche;Marche;CENTRO;101-105;M;234
2023;04201;Ancona - Università Politecnica delle Marche;Marche;CENTRO;110 e lode;M;344
2023;04201;Ancona - Università Politecnica delle Marche;Marche;CENTRO;66-90;M;186
2023;04301;Macerata - Università degli studi;Marche;CENTRO;101-105;F;335
2023;04301;Macerata - Università degli studi;Marche;CENTRO;91-100;M;84
2023;04301;Macerata - Università degli studi;Marche;CENTRO;66-90;M;26
2023;04301;Macerata - Università degli studi;Marche;CENTRO;66-90;F;42
2023;04301;Macerata - Università degli studi;Marche;CENTRO;110 e lode;F;416
2023;04301;Macerata - Università degli studi;Marche;CENTRO;voto non previsto;F;3
2023;04301;Macerata - Università degli studi;Marche;CENTRO;106-110;F;361
2023;04301;Macerata - Università degli studi;Marche;CENTRO;101-105;M;82
2023;04301;Macerata - Università degli studi;Marche;CENTRO;91-100;F;343
2023;04301;Macerata - Università degli studi;Marche;CENTRO;voto non previsto;M;2
2023;04301;Macerata - Università degli studi;Marche;CENTRO;106-110;M;84
2023;04301;Macerata - Università degli studi;Marche;CENTRO;110 e lode;M;117
2023;04302;Camerino - Università degli studi;Marche;CENTRO;106-110;M;118
2023;04302;Camerino - Università degli studi;Marche;CENTRO;110 e lode;M;128
2023;04302;Camerino - Università degli studi;Marche;CENTRO;66-90;M;48
2023;04302;Camerino - Università degli studi;Marche;CENTRO;106-110;F;99
2023;04302;Camerino - Università degli studi;Marche;CENTRO;voto non previsto;M;5
2023;04302;Camerino - Università degli studi;Marche;CENTRO;66-90;F;34
2023;04302;Camerino - Università degli studi;Marche;CENTRO;101-105;F;73
2023;04302;Camerino - Università degli studi;Marche;CENTRO;91-100;F;93
2023;04302;Camerino - Università degli studi;Marche;CENTRO;110 e lode;F;179
2023;04302;Camerino - Università degli studi;Marche;CENTRO;101-105;M;116
2023;04302;Camerino - Università degli studi;Marche;CENTRO;voto non previsto;F;6
2023;04302;Camerino - Università degli studi;Marche;CENTRO;91-100;M;126
2023;04801;Firenze - Università degli studi;Toscana;CENTRO;91-100;F;1228
2023;04801;Firenze - Università degli studi;Toscana;CENTRO;106-110;M;828
2023;04801;Firenze - Università degli studi;Toscana;CENTRO;66-90;M;259
2023;04801;Firenze - Università degli studi;Toscana;CENTRO;91-100;M;949
2023;04801;Firenze - Università degli studi;Toscana;CENTRO;101-105;F;1193
2023;04801;Firenze - Università degli studi;Toscana;CENTRO;110 e lode;F;1559
2023;04801;Firenze - Università degli studi;Toscana;CENTRO;106-110;F;1306
2023;04801;Firenze - Università degli studi;Toscana;CENTRO;101-105;M;861
2023;04801;Firenze - Università degli studi;Toscana;CENTRO;66-90;F;241
2023;04801;Firenze - Università degli studi;Toscana;CENTRO;110 e lode;M;950
2023;04804;"Firenze - Università telematica ""Italian University line""";Toscana;CENTRO;91-100;M;9
2023;04804;"Firenze - Università telematica ""Italian University line""";Toscana;CENTRO;101-105;M;13
2023;04804;"Firenze - Università telematica ""Italian University line""";Toscana;CENTRO;106-110;F;31
2023;04804;"Firenze - Università telematica ""Italian University line""";Toscana;CENTRO;110 e lode;M;15
2023;04804;"Firenze - Università telematica ""Italian University line""";Toscana;CENTRO;66-90;F;1
2023;04804;"Firenze - Università telematica ""Italian University line""";Toscana;CENTRO;106-110;M;8
2023;04804;"Firenze - Università telematica ""Italian University line""";Toscana;CENTRO;110 e lode;F;44
2023;04804;"Firenze - Università telematica ""Italian University line""";Toscana;CENTRO;101-105;F;18
2023;04804;"Firenze - Università telematica ""Italian University line""";Toscana;CENTRO;91-100;F;10
2023;05001;Pisa - Università;Toscana;CENTRO;110 e lode;F;1225
2023;05001;Pisa - Università;Toscana;CENTRO;voto non previsto;F;1
2023;05001;Pisa - Università;Toscana;CENTRO;66-90;M;172
2023;05001;Pisa - Università;Toscana;CENTRO;106-110;M;814
2023;05001;Pisa - Università;Toscana;CENTRO;101-105;M;638
2023;05001;Pisa - Università;Toscana;CENTRO;101-105;F;616
2023;05001;Pisa - Università;Toscana;CENTRO;91-100;F;665
2023;05001;Pisa - Università;Toscana;CENTRO;110 e lode;M;1031
2023;05001;Pisa - Università;Toscana;CENTRO;66-90;F;131
2023;05001;Pisa - Università;Toscana;CENTRO;91-100;M;749
2023;05001;Pisa - Università;Toscana;CENTRO;106-110;F;1004
2023;05201;Siena - Università degli studi;Toscana;CENTRO;91-100;M;226
2023;05201;Siena - Università degli studi;Toscana;CENTRO;110 e lode;M;280
2023;05201;Siena - Università degli studi;Toscana;CENTRO;101-105;M;160
2023;05201;Siena - Università degli studi;Toscana;CENTRO;66-90;M;138
2023;05201;Siena - Università degli studi;Toscana;CENTRO;110 e lode;F;610
2023;05201;Siena - Università degli studi;Toscana;CENTRO;106-110;M;218
2023;05201;Siena - Università degli studi;Toscana;CENTRO;66-90;F;108
2023;05201;Siena - Università degli studi;Toscana;CENTRO;101-105;F;335
2023;05201;Siena - Università degli studi;Toscana;CENTRO;106-110;F;475
2023;05201;Siena - Università degli studi;Toscana;CENTRO;91-100;F;369
2023;05202;Siena - Università per stranieri;Toscana;CENTRO;66-90;M;2
2023;05202;Siena - Università per stranieri;Toscana;CENTRO;91-100;M;13
2023;05202;Siena - Università per stranieri;Toscana;CENTRO;110 e lode;F;102
2023;05202;Siena - Università per stranieri;Toscana;CENTRO;101-105;M;13
2023;05202;Siena - Università per stranieri;Toscana;CENTRO;106-110;M;7
2023;05202;Siena - Università per stranieri;Toscana;CENTRO;91-100;F;78
2023;05202;Siena - Università per stranieri;Toscana;CENTRO;110 e lode;M;19
2023;05202;Siena - Università per stranieri;Toscana;CENTRO;66-90;F;10
2023;05202;Siena - Università per stranieri;Toscana;CENTRO;106-110;F;80
2023;05202;Siena - Università per stranieri;Toscana;CENTRO;101-105;F;81
2023;05401;Perugia - Università degli studi;Umbria;CENTRO;101-105;M;313
2023;05401;Perugia - Università degli studi;Umbria;CENTRO;110 e lode;M;496
2023;05401;Perugia - Università degli studi;Umbria;CENTRO;91-100;M;429
2023;05401;Perugia - Università degli studi;Umbria;CENTRO;106-110;M;364
2023;05401;Perugia - Università degli studi;Umbria;CENTRO;101-105;F;549
2023;05401;Perugia - Università degli studi;Umbria;CENTRO;91-100;F;536
2023;05401;Perugia - Università degli studi;Umbria;CENTRO;66-90;M;109
2023;05401;Perugia - Università degli studi;Umbria;CENTRO;106-110;F;737
2023;05401;Perugia - Università degli studi;Umbria;CENTRO;110 e lode;F;899
2023;05401;Perugia - Università degli studi;Umbria;CENTRO;66-90;F;103
2023;05403;Perugia - Università per stranieri;Umbria;CENTRO;66-90;M;8
2023;05403;Perugia - Università per stranieri;Umbria;CENTRO;91-100;F;20
2023;05403;Perugia - Università per stranieri;Umbria;CENTRO;101-105;F;23
2023;05403;Perugia - Università per stranieri;Umbria;CENTRO;106-110;M;8
2023;05403;Perugia - Università per stranieri;Umbria;CENTRO;106-110;F;45
2023;05403;Perugia - Università per stranieri;Umbria;CENTRO;101-105;M;7
2023;05403;Perugia - Università per stranieri;Umbria;CENTRO;91-100;M;9
2023;05403;Perugia - Università per stranieri;Umbria;CENTRO;110 e lode;F;69
2023;05403;Perugia - Università per stranieri;Umbria;CENTRO;110 e lode;M;15
2023;05403;Perugia - Università per stranieri;Umbria;CENTRO;66-90;F;5
2023;05601;Viterbo - Università della Tuscia;Lazio;CENTRO;106-110;F;147
2023;05601;Viterbo - Università della Tuscia;Lazio;CENTRO;110 e lode;M;195
2023;05601;Viterbo - Università della Tuscia;Lazio;CENTRO;106-110;M;197
2023;05601;Viterbo - Università della Tuscia;Lazio;CENTRO;101-105;F;132
2023;05601;Viterbo - Università della Tuscia;Lazio;CENTRO;66-90;M;41
2023;05601;Viterbo - Università della Tuscia;Lazio;CENTRO;91-100;F;122
2023;05601;Viterbo - Università della Tuscia;Lazio;CENTRO;101-105;M;126
2023;05601;Viterbo - Università della Tuscia;Lazio;CENTRO;66-90;F;28
2023;05601;Viterbo - Università della Tuscia;Lazio;CENTRO;110 e lode;F;241
2023;05601;Viterbo - Università della Tuscia;Lazio;CENTRO;91-100;M;121
2023;05801;"Roma - Università degli studi ""La Sapienza""";Lazio;CENTRO;106-110;F;2694
2023;05801;"Roma - Università degli studi ""La Sapienza""";Lazio;CENTRO;110 e lode;M;2315
2023;05801;"Roma - Università degli studi ""La Sapienza""";Lazio;CENTRO;66-90;F;638
2023;05801;"Roma - Università degli studi ""La Sapienza""";Lazio;CENTRO;101-105;M;1284
2023;05801;"Roma - Università degli studi ""La Sapienza""";Lazio;CENTRO;91-100;M;1822
2023;05801;"Roma - Università degli studi ""La Sapienza""";Lazio;CENTRO;106-110;M;1703
2023;05801;"Roma - Università degli studi ""La Sapienza""";Lazio;CENTRO;110 e lode;F;4375
2023;05801;"Roma - Università degli studi ""La Sapienza""";Lazio;CENTRO;101-105;F;2154
2023;05801;"Roma - Università degli studi ""La Sapienza""";Lazio;CENTRO;91-100;F;2451
2023;05801;"Roma - Università degli studi ""La Sapienza""";Lazio;CENTRO;66-90;M;704
2023;05802;"Roma - Università degli studi di ""Tor Vergata""";Lazio;CENTRO;110 e lode;M;651
2023;05802;"Roma - Università degli studi di ""Tor Vergata""";Lazio;CENTRO;91-100;M;480
2023;05802;"Roma - Università degli studi di ""Tor Vergata""";Lazio;CENTRO;106-110;M;573
2023;05802;"Roma - Università degli studi di ""Tor Vergata""";Lazio;CENTRO;101-105;M;408
2023;05802;"Roma - Università degli studi di ""Tor Vergata""";Lazio;CENTRO;110 e lode;F;1117
2023;05802;"Roma - Università degli studi di ""Tor Vergata""";Lazio;CENTRO;106-110;F;754
2023;05802;"Roma - Università degli studi di ""Tor Vergata""";Lazio;CENTRO;66-90;M;197
2023;05802;"Roma - Università degli studi di ""Tor Vergata""";Lazio;CENTRO;101-105;F;481
2023;05802;"Roma - Università degli studi di ""Tor Vergata""";Lazio;CENTRO;91-100;F;581
2023;05802;"Roma - Università degli studi di ""Tor Vergata""";Lazio;CENTRO;66-90;F;162
2023;05803;Roma - Libera Università Maria SS.Assunta (LUMSA);Lazio;CENTRO;91-100;M;120
2023;05803;Roma - Libera Università Maria SS.Assunta (LUMSA);Lazio;CENTRO;101-105;F;267
2023;05803;Roma - Libera Università Maria SS.Assunta (LUMSA);Lazio;CENTRO;110 e lode;M;130
2023;05803;Roma - Libera Università Maria SS.Assunta (LUMSA);Lazio;CENTRO;106-110;M;106
2023;05803;Roma - Libera Università Maria SS.Assunta (LUMSA);Lazio;CENTRO;101-105;M;92
2023;05803;Roma - Libera Università Maria SS.Assunta (LUMSA);Lazio;CENTRO;91-100;F;229
2023;05803;Roma - Libera Università Maria SS.Assunta (LUMSA);Lazio;CENTRO;66-90;F;42
2023;05803;Roma - Libera Università Maria SS.Assunta (LUMSA);Lazio;CENTRO;voto non previsto;F;16
2023;05803;Roma - Libera Università Maria SS.Assunta (LUMSA);Lazio;CENTRO;voto non previsto;M;3
2023;05803;Roma - Libera Università Maria SS.Assunta (LUMSA);Lazio;CENTRO;106-110;F;359
2023;05803;Roma - Libera Università Maria SS.Assunta (LUMSA);Lazio;CENTRO;110 e lode;F;580
2023;05803;Roma - Libera Università Maria SS.Assunta (LUMSA);Lazio;CENTRO;66-90;M;54
2023;05805;Roma - Luiss Libera Università internazionale degli studi sociali Guido Carli;Lazio;CENTRO;91-100;M;376
2023;05805;Roma - Luiss Libera Università internazionale degli studi sociali Guido Carli;Lazio;CENTRO;66-90;F;26
2023;05805;Roma - Luiss Libera Università internazionale degli studi sociali Guido Carli;Lazio;CENTRO;101-105;M;272
2023;05805;Roma - Luiss Libera Università internazionale degli studi sociali Guido Carli;Lazio;CENTRO;106-110;M;459
2023;05805;Roma - Luiss Libera Università internazionale degli studi sociali Guido Carli;Lazio;CENTRO;110 e lode;M;523
2023;05805;Roma - Luiss Libera Università internazionale degli studi sociali Guido Carli;Lazio;CENTRO;106-110;F;487
2023;05805;Roma - Luiss Libera Università internazionale degli studi sociali Guido Carli;Lazio;CENTRO;91-100;F;201
2023;05805;Roma - Luiss Libera Università internazionale degli studi sociali Guido Carli;Lazio;CENTRO;110 e lode;F;605
2023;05805;Roma - Luiss Libera Università internazionale degli studi sociali Guido Carli;Lazio;CENTRO;66-90;M;77
2023;05805;Roma - Luiss Libera Università internazionale degli studi sociali Guido Carli;Lazio;CENTRO;101-105;F;256
2023;05806;"Roma - Università degli studi del ""Foro Italico""";Lazio;CENTRO;66-90;M;35
2023;05806;"Roma - Università degli studi del ""Foro Italico""";Lazio;CENTRO;91-100;F;35
2023;05806;"Roma - Università degli studi del ""Foro Italico""";Lazio;CENTRO;101-105;F;37
2023;05806;"Roma - Università degli studi del ""Foro Italico""";Lazio;CENTRO;66-90;F;5
2023;05806;"Roma - Università degli studi del ""Foro Italico""";Lazio;CENTRO;101-105;M;57
2023;05806;"Roma - Università degli studi del ""Foro Italico""";Lazio;CENTRO;106-110;F;32
2023;05806;"Roma - Università degli studi del ""Foro Italico""";Lazio;CENTRO;110 e lode;F;63
2023;05806;"Roma - Università degli studi del ""Foro Italico""";Lazio;CENTRO;91-100;M;85
2023;05806;"Roma - Università degli studi del ""Foro Italico""";Lazio;CENTRO;110 e lode;M;101
2023;05806;"Roma - Università degli studi del ""Foro Italico""";Lazio;CENTRO;106-110;M;54
2023;05807;Roma - III Università degli studi;Lazio;CENTRO;101-105;M;359
2023;05807;Roma - III Università degli studi;Lazio;CENTRO;110 e lode;F;955
2023;05807;Roma - III Università degli studi;Lazio;CENTRO;91-100;F;804
2023;05807;Roma - III Università degli studi;Lazio;CENTRO;66-90;M;202
2023;05807;Roma - III Università degli studi;Lazio;CENTRO;91-100;M;552
2023;05807;Roma - III Università degli studi;Lazio;CENTRO;106-110;M;335
2023;05807;Roma - III Università degli studi;Lazio;CENTRO;66-90;F;200
2023;05807;Roma - III Università degli studi;Lazio;CENTRO;voto non previsto;F;2
2023;05807;Roma - III Università degli studi;Lazio;CENTRO;110 e lode;M;497
2023;05807;Roma - III Università degli studi;Lazio;CENTRO;106-110;F;688
2023;05807;Roma - III Università degli studi;Lazio;CENTRO;101-105;F;667
2023;05808;"Roma - Università ""Campus Bio-Medico""";Lazio;CENTRO;106-110;F;69
2023;05808;"Roma - Università ""Campus Bio-Medico""";Lazio;CENTRO;66-90;F;6
2023;05808;"Roma - Università ""Campus Bio-Medico""";Lazio;CENTRO;106-110;M;47
2023;05808;"Roma - Università ""Campus Bio-Medico""";Lazio;CENTRO;101-105;M;32
2023;05808;"Roma - Università ""Campus Bio-Medico""";Lazio;CENTRO;110 e lode;M;91
2023;05808;"Roma - Università ""Campus Bio-Medico""";Lazio;CENTRO;91-100;F;34
2023;05808;"Roma - Università ""Campus Bio-Medico""";Lazio;CENTRO;101-105;F;59
2023;05808;"Roma - Università ""Campus Bio-Medico""";Lazio;CENTRO;110 e lode;F;205
2023;05808;"Roma - Università ""Campus Bio-Medico""";Lazio;CENTRO;66-90;M;6
2023;05808;"Roma - Università ""Campus Bio-Medico""";Lazio;CENTRO;91-100;M;36
2023;05809;Roma - Università degli Studi Internazionali – UNINT;Lazio;CENTRO;106-110;F;172
2023;05809;Roma - Università degli Studi Internazionali – UNINT;Lazio;CENTRO;110 e lode;M;37
2023;05809;Roma - Università degli Studi Internazionali – UNINT;Lazio;CENTRO;91-100;F;57
2023;05809;Roma - Università degli Studi Internazionali – UNINT;Lazio;CENTRO;101-105;F;88
2023;05809;Roma - Università degli Studi Internazionali – UNINT;Lazio;CENTRO;66-90;M;8
2023;05809;Roma - Università degli Studi Internazionali – UNINT;Lazio;CENTRO;91-100;M;29
2023;05809;Roma - Università degli Studi Internazionali – UNINT;Lazio;CENTRO;101-105;M;16
2023;05809;Roma - Università degli Studi Internazionali – UNINT;Lazio;CENTRO;66-90;F;17
2023;05809;Roma - Università degli Studi Internazionali – UNINT;Lazio;CENTRO;106-110;M;34
2023;05809;Roma - Università degli Studi Internazionali – UNINT;Lazio;CENTRO;110 e lode;F;282
2023;05810;"Roma - Università telematica ""Guglielmo Marconi""";Lazio;CENTRO;91-100;F;551
2023;05810;"Roma - Università telematica ""Guglielmo Marconi""";Lazio;CENTRO;110 e lode;F;208
2023;05810;"Roma - Università telematica ""Guglielmo Marconi""";Lazio;CENTRO;91-100;M;432
2023;05810;"Roma - Università telematica ""Guglielmo Marconi""";Lazio;CENTRO;101-105;M;172
2023;05810;"Roma - Università telematica ""Guglielmo Marconi""";Lazio;CENTRO;106-110;F;238
2023;05810;"Roma - Università telematica ""Guglielmo Marconi""";Lazio;CENTRO;66-90;F;121
2023;05810;"Roma - Università telematica ""Guglielmo Marconi""";Lazio;CENTRO;106-110;M;96
2023;05810;"Roma - Università telematica ""Guglielmo Marconi""";Lazio;CENTRO;101-105;F;323
2023;05810;"Roma - Università telematica ""Guglielmo Marconi""";Lazio;CENTRO;110 e lode;M;79
2023;05810;"Roma - Università telematica ""Guglielmo Marconi""";Lazio;CENTRO;66-90;M;133
2023;05811;"Roma - Università telematica ""Unitelma Sapienza""";Lazio;CENTRO;101-105;F;73
2023;05811;"Roma - Università telematica ""Unitelma Sapienza""";Lazio;CENTRO;110 e lode;F;52
2023;05811;"Roma - Università telematica ""Unitelma Sapienza""";Lazio;CENTRO;91-100;F;96
2023;05811;"Roma - Università telematica ""Unitelma Sapienza""";Lazio;CENTRO;106-110;F;62
2023;05811;"Roma - Università telematica ""Unitelma Sapienza""";Lazio;CENTRO;66-90;M;32
2023;05811;"Roma - Università telematica ""Unitelma Sapienza""";Lazio;CENTRO;91-100;M;92
2023;05811;"Roma - Università telematica ""Unitelma Sapienza""";Lazio;CENTRO;110 e lode;M;47
2023;05811;"Roma - Università telematica ""Unitelma Sapienza""";Lazio;CENTRO;66-90;F;14
2023;05811;"Roma - Università telematica ""Unitelma Sapienza""";Lazio;CENTRO;101-105;M;54
2023;05811;"Roma - Università telematica ""Unitelma Sapienza""";Lazio;CENTRO;106-110;M;39
2023;05812;Roma - Università Europea;Lazio;CENTRO;101-105;M;20
2023;05812;Roma - Università Europea;Lazio;CENTRO;91-100;M;30
2023;05812;Roma - Università Europea;Lazio;CENTRO;106-110;M;24
2023;05812;Roma - Università Europea;Lazio;CENTRO;66-90;M;9
2023;05812;Roma - Università Europea;Lazio;CENTRO;110 e lode;M;25
2023;05812;Roma - Università Europea;Lazio;CENTRO;110 e lode;F;120
2023;05812;Roma - Università Europea;Lazio;CENTRO;106-110;F;88
2023;05812;Roma - Università Europea;Lazio;CENTRO;101-105;F;66
2023;05812;Roma - Università Europea;Lazio;CENTRO;66-90;F;8
2023;05812;Roma - Università Europea;Lazio;CENTRO;91-100;F;47
2023;05813;"Roma - Università telematica internazionale ""UNINETTUNO""";Lazio;CENTRO;110 e lode;F;111
2023;05813;"Roma - Università telematica internazionale ""UNINETTUNO""";Lazio;CENTRO;101-105;M;53
2023;05813;"Roma - Università telematica internazionale ""UNINETTUNO""";Lazio;CENTRO;91-100;M;168
2023;05813;"Roma - Università telematica internazionale ""UNINETTUNO""";Lazio;CENTRO;106-110;F;108
2023;05813;"Roma - Università telematica internazionale ""UNINETTUNO""";Lazio;CENTRO;101-105;F;121
2023;05813;"Roma - Università telematica internazionale ""UNINETTUNO""";Lazio;CENTRO;91-100;F;145
2023;05813;"Roma - Università telematica internazionale ""UNINETTUNO""";Lazio;CENTRO;66-90;M;74
2023;05813;"Roma - Università telematica internazionale ""UNINETTUNO""";Lazio;CENTRO;106-110;M;67
2023;05813;"Roma - Università telematica internazionale ""UNINETTUNO""";Lazio;CENTRO;66-90;F;39
2023;05813;"Roma - Università telematica internazionale ""UNINETTUNO""";Lazio;CENTRO;110 e lode;M;52
2023;05814;Roma - Universitas telematica Mercatorum;Lazio;CENTRO;106-110;F;501
2023;05814;Roma - Universitas telematica Mercatorum;Lazio;CENTRO;101-105;F;742
2023;05814;Roma - Universitas telematica Mercatorum;Lazio;CENTRO;91-100;F;1788
2023;05814;Roma - Universitas telematica Mercatorum;Lazio;CENTRO;101-105;M;1271
2023;05814;Roma - Universitas telematica Mercatorum;Lazio;CENTRO;106-110;M;693
2023;05814;Roma - Universitas telematica Mercatorum;Lazio;CENTRO;91-100;M;2742
2023;05814;Roma - Universitas telematica Mercatorum;Lazio;CENTRO;110 e lode;F;215
2023;05814;Roma - Universitas telematica Mercatorum;Lazio;CENTRO;66-90;F;671
2023;05814;Roma - Universitas telematica Mercatorum;Lazio;CENTRO;110 e lode;M;216
2023;05814;Roma - Universitas telematica Mercatorum;Lazio;CENTRO;66-90;M;1047
2023;05815;Roma - Università telematica Niccolò Cusano (già UNISU);Lazio;CENTRO;66-90;F;420
2023;05815;Roma - Università telematica Niccolò Cusano (già UNISU);Lazio;CENTRO;110 e lode;F;287
2023;05815;Roma - Università telematica Niccolò Cusano (già UNISU);Lazio;CENTRO;106-110;F;322
2023;05815;Roma - Università telematica Niccolò Cusano (già UNISU);Lazio;CENTRO;91-100;M;1495
2023;05815;Roma - Università telematica Niccolò Cusano (già UNISU);Lazio;CENTRO;101-105;M;374
2023;05815;Roma - Università telematica Niccolò Cusano (già UNISU);Lazio;CENTRO;106-110;M;181
2023;05815;Roma - Università telematica Niccolò Cusano (già UNISU);Lazio;CENTRO;101-105;F;474
2023;05815;Roma - Università telematica Niccolò Cusano (già UNISU);Lazio;CENTRO;91-100;F;1182
2023;05815;Roma - Università telematica Niccolò Cusano (già UNISU);Lazio;CENTRO;110 e lode;M;117
2023;05815;Roma - Università telematica Niccolò Cusano (già UNISU);Lazio;CENTRO;66-90;M;584
2023;05816;"Roma - Università telematica ""San Raffaele"" - già ""UNITEL""";Lazio;CENTRO;101-105;F;309
2023;05816;"Roma - Università telematica ""San Raffaele"" - già ""UNITEL""";Lazio;CENTRO;66-90;F;52
2023;05816;"Roma - Università telematica ""San Raffaele"" - già ""UNITEL""";Lazio;CENTRO;91-100;F;328
2023;05816;"Roma - Università telematica ""San Raffaele"" - già ""UNITEL""";Lazio;CENTRO;110 e lode;F;256
2023;05816;"Roma - Università telematica ""San Raffaele"" - già ""UNITEL""";Lazio;CENTRO;106-110;M;178
2023;05816;"Roma - Università telematica ""San Raffaele"" - già ""UNITEL""";Lazio;CENTRO;110 e lode;M;122
2023;05816;"Roma - Università telematica ""San Raffaele"" - già ""UNITEL""";Lazio;CENTRO;66-90;M;114
2023;05816;"Roma - Università telematica ""San Raffaele"" - già ""UNITEL""";Lazio;CENTRO;106-110;F;293
2023;05816;"Roma - Università telematica ""San Raffaele"" - già ""UNITEL""";Lazio;CENTRO;91-100;M;473
2023;05816;"Roma - Università telematica ""San Raffaele"" - già ""UNITEL""";Lazio;CENTRO;101-105;M;287
2023;05817;Roma - Link Campus University;Lazio;CENTRO;91-100;M;21
2023;05817;Roma - Link Campus University;Lazio;CENTRO;110 e lode;F;16
2023;05817;Roma - Link Campus University;Lazio;CENTRO;66-90;M;3
2023;05817;Roma - Link Campus University;Lazio;CENTRO;66-90;F;2
2023;05817;Roma - Link Campus University;Lazio;CENTRO;101-105;M;14
2023;05817;Roma - Link Campus University;Lazio;CENTRO;106-110;F;9
2023;05817;Roma - Link Campus University;Lazio;CENTRO;110 e lode;M;35
2023;05817;Roma - Link Campus University;Lazio;CENTRO;101-105;F;3
2023;05817;Roma - Link Campus University;Lazio;CENTRO;106-110;M;26
2023;05817;Roma - Link Campus University;Lazio;CENTRO;91-100;F;6
2023;05818;Roma - Saint Camillus International;Lazio;CENTRO;91-100;F;27
2023;05818;Roma - Saint Camillus International;Lazio;CENTRO;101-105;F;27
2023;05818;Roma - Saint Camillus International;Lazio;CENTRO;106-110;M;32
2023;05818;Roma - Saint Camillus International;Lazio;CENTRO;110 e lode;M;31
2023;05818;Roma - Saint Camillus International;Lazio;CENTRO;66-90;M;2
2023;05818;Roma - Saint Camillus International;Lazio;CENTRO;110 e lode;F;100
2023;05818;Roma - Saint Camillus International;Lazio;CENTRO;101-105;M;14
2023;05818;Roma - Saint Camillus International;Lazio;CENTRO;91-100;M;18
2023;05818;Roma - Saint Camillus International;Lazio;CENTRO;66-90;F;10
2023;05818;Roma - Saint Camillus International;Lazio;CENTRO;106-110;F;59
2023;06001;Cassino - Università degli Studi di Cassino e del Lazio Meridionale;Lazio;CENTRO;106-110;M;103
2023;06001;Cassino - Università degli Studi di Cassino e del Lazio Meridionale;Lazio;CENTRO;91-100;F;180
2023;06001;Cassino - Università degli Studi di Cassino e del Lazio Meridionale;Lazio;CENTRO;106-110;F;148
2023;06001;Cassino - Università degli Studi di Cassino e del Lazio Meridionale;Lazio;CENTRO;110 e lode;M;110
2023;06001;Cassino - Università degli Studi di Cassino e del Lazio Meridionale;Lazio;CENTRO;66-90;M;106
2023;06001;Cassino - Università degli Studi di Cassino e del Lazio Meridionale;Lazio;CENTRO;101-105;F;157
2023;06001;Cassino - Università degli Studi di Cassino e del Lazio Meridionale;Lazio;CENTRO;66-90;F;64
2023;06001;Cassino - Università degli Studi di Cassino e del Lazio Meridionale;Lazio;CENTRO;91-100;M;289
2023;06001;Cassino - Università degli Studi di Cassino e del Lazio Meridionale;Lazio;CENTRO;101-105;M;153
2023;06001;Cassino - Università degli Studi di Cassino e del Lazio Meridionale;Lazio;CENTRO;110 e lode;F;250
2023;06201;Benevento - Università degli studi del Sannio;Campania;SUD;101-105;M;59
2023;06201;Benevento - Università degli studi del Sannio;Campania;SUD;110 e lode;M;79
2023;06201;Benevento - Università degli studi del Sannio;Campania;SUD;106-110;M;59
2023;06201;Benevento - Università degli studi del Sannio;Campania;SUD;91-100;F;89
2023;06201;Benevento - Università degli studi del Sannio;Campania;SUD;101-105;F;54
2023;06201;Benevento - Università degli studi del Sannio;Campania;SUD;66-90;F;48
2023;06201;Benevento - Università degli studi del Sannio;Campania;SUD;106-110;F;65
2023;06201;Benevento - Università degli studi del Sannio;Campania;SUD;66-90;M;43
2023;06201;Benevento - Università degli studi del Sannio;Campania;SUD;110 e lode;F;98
2023;06201;Benevento - Università degli studi del Sannio;Campania;SUD;91-100;M;95
2023;06202;"Benevento - Università telematica ""Giustino Fortunato""";Campania;SUD;101-105;F;59
2023;06202;"Benevento - Università telematica ""Giustino Fortunato""";Campania;SUD;66-90;F;32
2023;06202;"Benevento - Università telematica ""Giustino Fortunato""";Campania;SUD;91-100;M;87
2023;06202;"Benevento - Università telematica ""Giustino Fortunato""";Campania;SUD;110 e lode;F;104
2023;06202;"Benevento - Università telematica ""Giustino Fortunato""";Campania;SUD;106-110;M;54
2023;06202;"Benevento - Università telematica ""Giustino Fortunato""";Campania;SUD;101-105;M;55
2023;06202;"Benevento - Università telematica ""Giustino Fortunato""";Campania;SUD;110 e lode;M;55
2023;06202;"Benevento - Università telematica ""Giustino Fortunato""";Campania;SUD;91-100;F;99
2023;06202;"Benevento - Università telematica ""Giustino Fortunato""";Campania;SUD;106-110;F;83
2023;06202;"Benevento - Università telematica ""Giustino Fortunato""";Campania;SUD;66-90;M;42
2023;06301;"Napoli - Università degli studi ""Federico II""";Campania;SUD;106-110;F;1926
2023;06301;"Napoli - Università degli studi ""Federico II""";Campania;SUD;66-90;M;542
2023;06301;"Napoli - Università degli studi ""Federico II""";Campania;SUD;110 e lode;F;2341
2023;06301;"Napoli - Università degli studi ""Federico II""";Campania;SUD;91-100;M;1434
2023;06301;"Napoli - Università degli studi ""Federico II""";Campania;SUD;101-105;F;1380
2023;06301;"Napoli - Università degli studi ""Federico II""";Campania;SUD;91-100;F;1690
2023;06301;"Napoli - Università degli studi ""Federico II""";Campania;SUD;66-90;F;446
2023;06301;"Napoli - Università degli studi ""Federico II""";Campania;SUD;110 e lode;M;1647
2023;06301;"Napoli - Università degli studi ""Federico II""";Campania;SUD;101-105;M;969
2023;06301;"Napoli - Università degli studi ""Federico II""";Campania;SUD;106-110;M;1193
2023;06302;"Napoli - Università degli studi ""Parthenope""";Campania;SUD;101-105;F;153
2023;06302;"Napoli - Università degli studi ""Parthenope""";Campania;SUD;110 e lode;M;299
2023;06302;"Napoli - Università degli studi ""Parthenope""";Campania;SUD;66-90;F;125
2023;06302;"Napoli - Università degli studi ""Parthenope""";Campania;SUD;106-110;M;152
2023;06302;"Napoli - Università degli studi ""Parthenope""";Campania;SUD;110 e lode;F;284
2023;06302;"Napoli - Università degli studi ""Parthenope""";Campania;SUD;106-110;F;123
2023;06302;"Napoli - Università degli studi ""Parthenope""";Campania;SUD;66-90;M;187
2023;06302;"Napoli - Università degli studi ""Parthenope""";Campania;SUD;91-100;F;239
2023;06302;"Napoli - Università degli studi ""Parthenope""";Campania;SUD;101-105;M;216
2023;06302;"Napoli - Università degli studi ""Parthenope""";Campania;SUD;91-100;M;332
2023;06303;"Napoli - Università degli studi ""L' Orientale""";Campania;SUD;101-105;M;72
2023;06303;"Napoli - Università degli studi ""L' Orientale""";Campania;SUD;106-110;F;405
2023;06303;"Napoli - Università degli studi ""L' Orientale""";Campania;SUD;66-90;M;15
2023;06303;"Napoli - Università degli studi ""L' Orientale""";Campania;SUD;106-110;M;66
2023;06303;"Napoli - Università degli studi ""L' Orientale""";Campania;SUD;110 e lode;F;436
2023;06303;"Napoli - Università degli studi ""L' Orientale""";Campania;SUD;101-105;F;357
2023;06303;"Napoli - Università degli studi ""L' Orientale""";Campania;SUD;66-90;F;66
2023;06303;"Napoli - Università degli studi ""L' Orientale""";Campania;SUD;91-100;F;304
2023;06303;"Napoli - Università degli studi ""L' Orientale""";Campania;SUD;110 e lode;M;106
2023;06303;"Napoli - Università degli studi ""L' Orientale""";Campania;SUD;91-100;M;51
2023;06304;"Napoli - Università degli studi ""Suor Orsola Benincasa""";Campania;SUD;110 e lode;F;389
2023;06304;"Napoli - Università degli studi ""Suor Orsola Benincasa""";Campania;SUD;91-100;F;472
2023;06304;"Napoli - Università degli studi ""Suor Orsola Benincasa""";Campania;SUD;106-110;F;345
2023;06304;"Napoli - Università degli studi ""Suor Orsola Benincasa""";Campania;SUD;110 e lode;M;55
2023;06304;"Napoli - Università degli studi ""Suor Orsola Benincasa""";Campania;SUD;101-105;M;50
2023;06304;"Napoli - Università degli studi ""Suor Orsola Benincasa""";Campania;SUD;91-100;M;89
2023;06304;"Napoli - Università degli studi ""Suor Orsola Benincasa""";Campania;SUD;66-90;M;29
2023;06304;"Napoli - Università degli studi ""Suor Orsola Benincasa""";Campania;SUD;106-110;M;40
2023;06304;"Napoli - Università degli studi ""Suor Orsola Benincasa""";Campania;SUD;101-105;F;351
2023;06304;"Napoli - Università degli studi ""Suor Orsola Benincasa""";Campania;SUD;66-90;F;63
2023;06306;"Napoli - Università degli studi della Campania ""Luigi Vanvitelli""";Campania;SUD;101-105;F;377
2023;06306;"Napoli - Università degli studi della Campania ""Luigi Vanvitelli""";Campania;SUD;106-110;F;629
2023;06306;"Napoli - Università degli studi della Campania ""Luigi Vanvitelli""";Campania;SUD;66-90;M;155
2023;06306;"Napoli - Università degli studi della Campania ""Luigi Vanvitelli""";Campania;SUD;91-100;F;385
2023;06306;"Napoli - Università degli studi della Campania ""Luigi Vanvitelli""";Campania;SUD;110 e lode;M;362
2023;06306;"Napoli - Università degli studi della Campania ""Luigi Vanvitelli""";Campania;SUD;66-90;F;141
2023;06306;"Napoli - Università degli studi della Campania ""Luigi Vanvitelli""";Campania;SUD;106-110;M;334
2023;06306;"Napoli - Università degli studi della Campania ""Luigi Vanvitelli""";Campania;SUD;110 e lode;F;900
2023;06306;"Napoli - Università degli studi della Campania ""Luigi Vanvitelli""";Campania;SUD;101-105;M;211
2023;06306;"Napoli - Università degli studi della Campania ""Luigi Vanvitelli""";Campania;SUD;91-100;M;305
2023;06307;"Napoli - Università telematica ""Pegaso""";Campania;SUD;66-90;M;807
2023;06307;"Napoli - Università telematica ""Pegaso""";Campania;SUD;110 e lode;F;3070
2023;06307;"Napoli - Università telematica ""Pegaso""";Campania;SUD;106-110;M;3280
2023;06307;"Napoli - Università telematica ""Pegaso""";Campania;SUD;101-105;F;2874
2023;06307;"Napoli - Università telematica ""Pegaso""";Campania;SUD;91-100;M;3777
2023;06307;"Napoli - Università telematica ""Pegaso""";Campania;SUD;66-90;F;788
2023;06307;"Napoli - Università telematica ""Pegaso""";Campania;SUD;110 e lode;M;2366
2023;06307;"Napoli - Università telematica ""Pegaso""";Campania;SUD;106-110;F;3385
2023;06307;"Napoli - Università telematica ""Pegaso""";Campania;SUD;101-105;M;2991
2023;06307;"Napoli - Università telematica ""Pegaso""";Campania;SUD;91-100;F;3453
2023;06501;Salerno - Università degli studi;Campania;SUD;106-110;M;426
2023;06501;Salerno - Università degli studi;Campania;SUD;110 e lode;M;659
2023;06501;Salerno - Università degli studi;Campania;SUD;91-100;F;820
2023;06501;Salerno - Università degli studi;Campania;SUD;66-90;F;199
2023;06501;Salerno - Università degli studi;Campania;SUD;106-110;F;749
2023;06501;Salerno - Università degli studi;Campania;SUD;101-105;M;458
2023;06501;Salerno - Università degli studi;Campania;SUD;91-100;M;744
2023;06501;Salerno - Università degli studi;Campania;SUD;110 e lode;F;947
2023;06501;Salerno - Università degli studi;Campania;SUD;66-90;M;330
2023;06501;Salerno - Università degli studi;Campania;SUD;101-105;F;629
2023;06601;L'Aquila - Università degli studi;Abruzzo;SUD;110 e lode;M;306
2023;06601;L'Aquila - Università degli studi;Abruzzo;SUD;101-105;F;327
2023;06601;L'Aquila - Università degli studi;Abruzzo;SUD;91-100;F;451
2023;06601;L'Aquila - Università degli studi;Abruzzo;SUD;106-110;M;237
2023;06601;L'Aquila - Università degli studi;Abruzzo;SUD;110 e lode;F;557
2023;06601;L'Aquila - Università degli studi;Abruzzo;SUD;66-90;M;87
2023;06601;L'Aquila - Università degli studi;Abruzzo;SUD;91-100;M;572
2023;06601;L'Aquila - Università degli studi;Abruzzo;SUD;101-105;M;297
2023;06601;L'Aquila - Università degli studi;Abruzzo;SUD;106-110;F;273
2023;06601;L'Aquila - Università degli studi;Abruzzo;SUD;66-90;F;52
2023;06701;Teramo - Università degli studi;Abruzzo;SUD;101-105;F;108
2023;06701;Teramo - Università degli studi;Abruzzo;SUD;110 e lode;F;150
2023;06701;Teramo - Università degli studi;Abruzzo;SUD;91-100;M;114
2023;06701;Teramo - Università degli studi;Abruzzo;SUD;106-110;M;76
2023;06701;Teramo - Università degli studi;Abruzzo;SUD;101-105;M;70
2023;06701;Teramo - Università degli studi;Abruzzo;SUD;91-100;F;138
2023;06701;Teramo - Università degli studi;Abruzzo;SUD;66-90;M;34
2023;06701;Teramo - Università degli studi;Abruzzo;SUD;106-110;F;112
2023;06701;Teramo - Università degli studi;Abruzzo;SUD;66-90;F;16
2023;06701;Teramo - Università degli studi;Abruzzo;SUD;110 e lode;M;77
2023;06901;Chieti e Pescara - Università degli studi Gabriele D'Annunzio;Abruzzo;SUD;101-105;M;298
2023;06901;Chieti e Pescara - Università degli studi Gabriele D'Annunzio;Abruzzo;SUD;66-90;M;125
2023;06901;Chieti e Pescara - Università degli studi Gabriele D'Annunzio;Abruzzo;SUD;110 e lode;F;655
2023;06901;Chieti e Pescara - Università degli studi Gabriele D'Annunzio;Abruzzo;SUD;101-105;F;577
2023;06901;Chieti e Pescara - Università degli studi Gabriele D'Annunzio;Abruzzo;SUD;106-110;M;240
2023;06901;Chieti e Pescara - Università degli studi Gabriele D'Annunzio;Abruzzo;SUD;110 e lode;M;295
2023;06901;Chieti e Pescara - Università degli studi Gabriele D'Annunzio;Abruzzo;SUD;66-90;F;160
2023;06901;Chieti e Pescara - Università degli studi Gabriele D'Annunzio;Abruzzo;SUD;91-100;M;381
2023;06901;Chieti e Pescara - Università degli studi Gabriele D'Annunzio;Abruzzo;SUD;voto non previsto;F;4
2023;06901;Chieti e Pescara - Università degli studi Gabriele D'Annunzio;Abruzzo;SUD;106-110;F;607
2023;06901;Chieti e Pescara - Università degli studi Gabriele D'Annunzio;Abruzzo;SUD;91-100;F;768
2023;06902;"Torrevecchia Teatina (CH) - Università telematica ""Leonardo da Vinci""";Abruzzo;SUD;106-110;M;2
2023;06902;"Torrevecchia Teatina (CH) - Università telematica ""Leonardo da Vinci""";Abruzzo;SUD;66-90;M;1
2023;06902;"Torrevecchia Teatina (CH) - Università telematica ""Leonardo da Vinci""";Abruzzo;SUD;110 e lode;F;5
2023;06902;"Torrevecchia Teatina (CH) - Università telematica ""Leonardo da Vinci""";Abruzzo;SUD;91-100;F;2
2023;06902;"Torrevecchia Teatina (CH) - Università telematica ""Leonardo da Vinci""";Abruzzo;SUD;66-90;F;1
2023;06902;"Torrevecchia Teatina (CH) - Università telematica ""Leonardo da Vinci""";Abruzzo;SUD;101-105;F;1
2023;07001;Campobasso - Università degli studi del Molise;Molise;SUD;101-105;F;116
2023;07001;Campobasso - Università degli studi del Molise;Molise;SUD;91-100;F;128
2023;07001;Campobasso - Università degli studi del Molise;Molise;SUD;106-110;F;164
2023;07001;Campobasso - Università degli studi del Molise;Molise;SUD;110 e lode;M;101
2023;07001;Campobasso - Università degli studi del Molise;Molise;SUD;66-90;F;37
2023;07001;Campobasso - Università degli studi del Molise;Molise;SUD;110 e lode;F;222
2023;07001;Campobasso - Università degli studi del Molise;Molise;SUD;106-110;M;117
2023;07001;Campobasso - Università degli studi del Molise;Molise;SUD;101-105;M;88
2023;07001;Campobasso - Università degli studi del Molise;Molise;SUD;91-100;M;115
2023;07001;Campobasso - Università degli studi del Molise;Molise;SUD;66-90;M;30
2023;07101;Foggia - Università degli studi;Puglia;SUD;110 e lode;F;530
2023;07101;Foggia - Università degli studi;Puglia;SUD;106-110;M;181
2023;07101;Foggia - Università degli studi;Puglia;SUD;91-100;M;141
2023;07101;Foggia - Università degli studi;Puglia;SUD;66-90;F;26
2023;07101;Foggia - Università degli studi;Puglia;SUD;101-105;F;183
2023;07101;Foggia - Università degli studi;Puglia;SUD;101-105;M;114
2023;07101;Foggia - Università degli studi;Puglia;SUD;110 e lode;M;211
2023;07101;Foggia - Università degli studi;Puglia;SUD;66-90;M;29
2023;07101;Foggia - Università degli studi;Puglia;SUD;91-100;F;184
2023;07101;Foggia - Università degli studi;Puglia;SUD;106-110;F;359
2023;07201;Bari - Università degli studi;Puglia;SUD;91-100;F;897
2023;07201;Bari - Università degli studi;Puglia;SUD;101-105;M;499
2023;07201;Bari - Università degli studi;Puglia;SUD;106-110;F;1276
2023;07201;Bari - Università degli studi;Puglia;SUD;voto non previsto;F;2
2023;07201;Bari - Università degli studi;Puglia;SUD;110 e lode;M;644
2023;07201;Bari - Università degli studi;Puglia;SUD;66-90;M;174
2023;07201;Bari - Università degli studi;Puglia;SUD;106-110;M;549
2023;07201;Bari - Università degli studi;Puglia;SUD;voto non previsto;M;4
2023;07201;Bari - Università degli studi;Puglia;SUD;101-105;F;879
2023;07201;Bari - Università degli studi;Puglia;SUD;110 e lode;F;1365
2023;07201;Bari - Università degli studi;Puglia;SUD;91-100;M;657
2023;07201;Bari - Università degli studi;Puglia;SUD;66-90;F;170
2023;07202;Bari - Politecnico;Puglia;SUD;91-100;M;316
2023;07202;Bari - Politecnico;Puglia;SUD;101-105;M;206
2023;07202;Bari - Politecnico;Puglia;SUD;110 e lode;M;335
2023;07202;Bari - Politecnico;Puglia;SUD;66-90;F;21
2023;07202;Bari - Politecnico;Puglia;SUD;110 e lode;F;244
2023;07202;Bari - Politecnico;Puglia;SUD;101-105;F;107
2023;07202;Bari - Politecnico;Puglia;SUD;106-110;M;268
2023;07202;Bari - Politecnico;Puglia;SUD;91-100;F;129
2023;07202;Bari - Politecnico;Puglia;SUD;106-110;F;163
2023;07202;Bari - Politecnico;Puglia;SUD;66-90;M;116
2023;07203;"Casamassima - Libera Università Mediterranea ""Giuseppe Degennaro""";Puglia;SUD;66-90;M;36
2023;07203;"Casamassima - Libera Università Mediterranea ""Giuseppe Degennaro""";Puglia;SUD;106-110;M;44
2023;07203;"Casamassima - Libera Università Mediterranea ""Giuseppe Degennaro""";Puglia;SUD;91-100;F;46
2023;07203;"Casamassima - Libera Università Mediterranea ""Giuseppe Degennaro""";Puglia;SUD;101-105;F;28
2023;07203;"Casamassima - Libera Università Mediterranea ""Giuseppe Degennaro""";Puglia;SUD;110 e lode;M;63
2023;07203;"Casamassima - Libera Università Mediterranea ""Giuseppe Degennaro""";Puglia;SUD;110 e lode;F;64
2023;07203;"Casamassima - Libera Università Mediterranea ""Giuseppe Degennaro""";Puglia;SUD;66-90;F;7
2023;07203;"Casamassima - Libera Università Mediterranea ""Giuseppe Degennaro""";Puglia;SUD;101-105;M;52
2023;07203;"Casamassima - Libera Università Mediterranea ""Giuseppe Degennaro""";Puglia;SUD;106-110;F;32
2023;07203;"Casamassima - Libera Università Mediterranea ""Giuseppe Degennaro""";Puglia;SUD;91-100;M;61
2023;07501;Lecce - Università del Salento;Puglia;SUD;106-110;M;231
2023;07501;Lecce - Università del Salento;Puglia;SUD;66-90;M;80
2023;07501;Lecce - Università del Salento;Puglia;SUD;101-105;F;418
2023;07501;Lecce - Università del Salento;Puglia;SUD;91-100;F;432
2023;07501;Lecce - Università del Salento;Puglia;SUD;106-110;F;459
2023;07501;Lecce - Università del Salento;Puglia;SUD;110 e lode;M;297
2023;07501;Lecce - Università del Salento;Puglia;SUD;66-90;F;83
2023;07501;Lecce - Università del Salento;Puglia;SUD;110 e lode;F;689
2023;07501;Lecce - Università del Salento;Puglia;SUD;91-100;M;279
2023;07501;Lecce - Università del Salento;Puglia;SUD;101-105;M;220
2023;07601;Potenza - Università degli studi della Basilicata;Basilicata;SUD;110 e lode;F;149
2023;07601;Potenza - Università degli studi della Basilicata;Basilicata;SUD;101-105;M;48
2023;07601;Potenza - Università degli studi della Basilicata;Basilicata;SUD;91-100;M;89
2023;07601;Potenza - Università degli studi della Basilicata;Basilicata;SUD;66-90;F;31
2023;07601;Potenza - Università degli studi della Basilicata;Basilicata;SUD;91-100;F;99
2023;07601;Potenza - Università degli studi della Basilicata;Basilicata;SUD;106-110;M;54
2023;07601;Potenza - Università degli studi della Basilicata;Basilicata;SUD;101-105;F;96
2023;07601;Potenza - Università degli studi della Basilicata;Basilicata;SUD;110 e lode;M;105
2023;07601;Potenza - Università degli studi della Basilicata;Basilicata;SUD;106-110;F;105
2023;07601;Potenza - Università degli studi della Basilicata;Basilicata;SUD;66-90;M;57
2023;07801;Arcavacata di Rende - Università della Calabria;Calabria;SUD;91-100;F;631
2023;07801;Arcavacata di Rende - Università della Calabria;Calabria;SUD;66-90;M;348
2023;07801;Arcavacata di Rende - Università della Calabria;Calabria;SUD;110 e lode;M;331
2023;07801;Arcavacata di Rende - Università della Calabria;Calabria;SUD;101-105;F;484
2023;07801;Arcavacata di Rende - Università della Calabria;Calabria;SUD;106-110;F;506
2023;07801;Arcavacata di Rende - Università della Calabria;Calabria;SUD;66-90;F;242
2023;07801;Arcavacata di Rende - Università della Calabria;Calabria;SUD;110 e lode;F;511
2023;07801;Arcavacata di Rende - Università della Calabria;Calabria;SUD;106-110;M;257
2023;07801;Arcavacata di Rende - Università della Calabria;Calabria;SUD;91-100;M;436
2023;07801;Arcavacata di Rende - Università della Calabria;Calabria;SUD;101-105;M;231
2023;07901;"Catanzaro - Università degli studi ""Magna Grecia""";Calabria;SUD;110 e lode;M;99
2023;07901;"Catanzaro - Università degli studi ""Magna Grecia""";Calabria;SUD;91-100;F;196
2023;07901;"Catanzaro - Università degli studi ""Magna Grecia""";Calabria;SUD;101-105;M;127
2023;07901;"Catanzaro - Università degli studi ""Magna Grecia""";Calabria;SUD;110 e lode;F;301
2023;07901;"Catanzaro - Università degli studi ""Magna Grecia""";Calabria;SUD;66-90;M;53
2023;07901;"Catanzaro - Università degli studi ""Magna Grecia""";Calabria;SUD;91-100;M;160
2023;07901;"Catanzaro - Università degli studi ""Magna Grecia""";Calabria;SUD;106-110;M;162
2023;07901;"Catanzaro - Università degli studi ""Magna Grecia""";Calabria;SUD;66-90;F;35
2023;07901;"Catanzaro - Università degli studi ""Magna Grecia""";Calabria;SUD;106-110;F;366
2023;07901;"Catanzaro - Università degli studi ""Magna Grecia""";Calabria;SUD;101-105;F;208
2023;08001;Reggio Calabria - Università degli studi Mediterranea;Calabria;SUD;66-90;M;48
2023;08001;Reggio Calabria - Università degli studi Mediterranea;Calabria;SUD;110 e lode;M;96
2023;08001;Reggio Calabria - Università degli studi Mediterranea;Calabria;SUD;91-100;F;52
2023;08001;Reggio Calabria - Università degli studi Mediterranea;Calabria;SUD;106-110;M;53
2023;08001;Reggio Calabria - Università degli studi Mediterranea;Calabria;SUD;101-105;F;47
2023;08001;Reggio Calabria - Università degli studi Mediterranea;Calabria;SUD;91-100;M;70
2023;08001;Reggio Calabria - Università degli studi Mediterranea;Calabria;SUD;106-110;F;93
2023;08001;Reggio Calabria - Università degli studi Mediterranea;Calabria;SUD;101-105;M;40
2023;08001;Reggio Calabria - Università degli studi Mediterranea;Calabria;SUD;110 e lode;F;142
2023;08001;Reggio Calabria - Università degli studi Mediterranea;Calabria;SUD;66-90;F;23
2023;08003;Reggio Calabria - Università per Stranieri;Calabria;SUD;110 e lode;M;8
2023;08003;Reggio Calabria - Università per Stranieri;Calabria;SUD;106-110;M;1
2023;08003;Reggio Calabria - Università per Stranieri;Calabria;SUD;91-100;M;5
2023;08003;Reggio Calabria - Università per Stranieri;Calabria;SUD;110 e lode;F;26
2023;08003;Reggio Calabria - Università per Stranieri;Calabria;SUD;66-90;M;1
2023;08003;Reggio Calabria - Università per Stranieri;Calabria;SUD;101-105;M;6
2023;08003;Reggio Calabria - Università per Stranieri;Calabria;SUD;91-100;F;28
2023;08003;Reggio Calabria - Università per Stranieri;Calabria;SUD;106-110;F;25
2023;08003;Reggio Calabria - Università per Stranieri;Calabria;SUD;101-105;F;12
2023;08003;Reggio Calabria - Università per Stranieri;Calabria;SUD;66-90;F;5
2023;08201;Palermo - Università degli studi;Sicilia;ISOLE;110 e lode;M;933
2023;08201;Palermo - Università degli studi;Sicilia;ISOLE;91-100;M;667
2023;08201;Palermo - Università degli studi;Sicilia;ISOLE;110 e lode;F;2090
2023;08201;Palermo - Università degli studi;Sicilia;ISOLE;66-90;M;305
2023;08201;Palermo - Università degli studi;Sicilia;ISOLE;106-110;F;1053
2023;08201;Palermo - Università degli studi;Sicilia;ISOLE;66-90;F;197
2023;08201;Palermo - Università degli studi;Sicilia;ISOLE;101-105;F;664
2023;08201;Palermo - Università degli studi;Sicilia;ISOLE;91-100;F;782
2023;08201;Palermo - Università degli studi;Sicilia;ISOLE;106-110;M;516
2023;08201;Palermo - Università degli studi;Sicilia;ISOLE;101-105;M;426
2023;08301;Messina - Università degli studi;Sicilia;ISOLE;106-110;F;463
2023;08301;Messina - Università degli studi;Sicilia;ISOLE;66-90;F;67
2023;08301;Messina - Università degli studi;Sicilia;ISOLE;91-100;M;355
2023;08301;Messina - Università degli studi;Sicilia;ISOLE;101-105;M;231
2023;08301;Messina - Università degli studi;Sicilia;ISOLE;66-90;M;74
2023;08301;Messina - Università degli studi;Sicilia;ISOLE;110 e lode;M;375
2023;08301;Messina - Università degli studi;Sicilia;ISOLE;91-100;F;414
2023;08301;Messina - Università degli studi;Sicilia;ISOLE;101-105;F;411
2023;08301;Messina - Università degli studi;Sicilia;ISOLE;110 e lode;F;862
2023;08301;Messina - Università degli studi;Sicilia;ISOLE;106-110;M;265
2023;08601;"Enna - Libera Università della Sicilia Centrale ""KORE""";Sicilia;ISOLE;91-100;M;109
2023;08601;"Enna - Libera Università della Sicilia Centrale ""KORE""";Sicilia;ISOLE;106-110;F;138
2023;08601;"Enna - Libera Università della Sicilia Centrale ""KORE""";Sicilia;ISOLE;110 e lode;M;30
2023;08601;"Enna - Libera Università della Sicilia Centrale ""KORE""";Sicilia;ISOLE;101-105;F;149
2023;08601;"Enna - Libera Università della Sicilia Centrale ""KORE""";Sicilia;ISOLE;106-110;M;40
2023;08601;"Enna - Libera Università della Sicilia Centrale ""KORE""";Sicilia;ISOLE;91-100;F;219
2023;08601;"Enna - Libera Università della Sicilia Centrale ""KORE""";Sicilia;ISOLE;101-105;M;44
2023;08601;"Enna - Libera Università della Sicilia Centrale ""KORE""";Sicilia;ISOLE;66-90;M;41
2023;08601;"Enna - Libera Università della Sicilia Centrale ""KORE""";Sicilia;ISOLE;66-90;F;42
2023;08601;"Enna - Libera Università della Sicilia Centrale ""KORE""";Sicilia;ISOLE;110 e lode;F;153
2023;08701;Catania - Università degli studi;Sicilia;ISOLE;66-90;F;125
2023;08701;Catania - Università degli studi;Sicilia;ISOLE;110 e lode;M;712
2023;08701;Catania - Università degli studi;Sicilia;ISOLE;91-100;M;497
2023;08701;Catania - Università degli studi;Sicilia;ISOLE;106-110;F;811
2023;08701;Catania - Università degli studi;Sicilia;ISOLE;101-105;F;623
2023;08701;Catania - Università degli studi;Sicilia;ISOLE;91-100;F;681
2023;08701;Catania - Università degli studi;Sicilia;ISOLE;101-105;M;431
2023;08701;Catania - Università degli studi;Sicilia;ISOLE;106-110;M;455
2023;08701;Catania - Università degli studi;Sicilia;ISOLE;110 e lode;F;1215
2023;08701;Catania - Università degli studi;Sicilia;ISOLE;66-90;M;152
2023;09001;Sassari - Università degli studi;Sardegna;ISOLE;106-110;M;166
2023;09001;Sassari - Università degli studi;Sardegna;ISOLE;110 e lode;M;203
2023;09001;Sassari - Università degli studi;Sardegna;ISOLE;101-105;F;225
2023;09001;Sassari - Università degli studi;Sardegna;ISOLE;66-90;F;50
2023;09001;Sassari - Università degli studi;Sardegna;ISOLE;110 e lode;F;422
2023;09001;Sassari - Università degli studi;Sardegna;ISOLE;101-105;M;111
2023;09001;Sassari - Università degli studi;Sardegna;ISOLE;91-100;M;143
2023;09001;Sassari - Università degli studi;Sardegna;ISOLE;91-100;F;276
2023;09001;Sassari - Università degli studi;Sardegna;ISOLE;106-110;F;314
2023;09001;Sassari - Università degli studi;Sardegna;ISOLE;66-90;M;46
2023;09201;Cagliari - Università degli studi;Sardegna;ISOLE;91-100;M;320
2023;09201;Cagliari - Università degli studi;Sardegna;ISOLE;101-105;M;224
2023;09201;Cagliari - Università degli studi;Sardegna;ISOLE;106-110;F;509
2023;09201;Cagliari - Università degli studi;Sardegna;ISOLE;110 e lode;F;732
2023;09201;Cagliari - Università degli studi;Sardegna;ISOLE;66-90;M;112
2023;09201;Cagliari - Università degli studi;Sardegna;ISOLE;110 e lode;M;387
2023;09201;Cagliari - Università degli studi;Sardegna;ISOLE;91-100;F;471
2023;09201;Cagliari - Università degli studi;Sardegna;ISOLE;voto non previsto;F;2
2023;09201;Cagliari - Università degli studi;Sardegna;ISOLE;101-105;F;416
2023;09201;Cagliari - Università degli studi;Sardegna;ISOLE;106-110;M;283
2023;09201;Cagliari - Università degli studi;Sardegna;ISOLE;66-90;F;106
2022;TTTTT;TOTALE ATENEI;ITALIA;ITALIA;101-105;F;39725
2022;TTTTT;TOTALE ATENEI;ITALIA;ITALIA;101-105;M;27910
2022;TTTTT;TOTALE ATENEI;ITALIA;ITALIA;106-110;F;48486
2022;TTTTT;TOTALE ATENEI;ITALIA;ITALIA;106-110;M;31044
2022;TTTTT;TOTALE ATENEI;ITALIA;ITALIA;110 e lode;F;58167
2022;TTTTT;TOTALE ATENEI;ITALIA;ITALIA;110 e lode;M;33973
2022;TTTTT;TOTALE ATENEI;ITALIA;ITALIA;66-90;F;14923
2022;TTTTT;TOTALE ATENEI;ITALIA;ITALIA;66-90;M;20022
2022;TTTTT;TOTALE ATENEI;ITALIA;ITALIA;91-100;F;49213
2022;TTTTT;TOTALE ATENEI;ITALIA;ITALIA;91-100;M;44186
2022;TTTTT;TOTALE ATENEI;ITALIA;ITALIA;voto non previsto;F;69
2022;TTTTT;TOTALE ATENEI;ITALIA;ITALIA;voto non previsto;M;33
2022;00101;Torino - Università degli studi;Piemonte;NORD-OVEST;110 e lode;M;1177
2022;00101;Torino - Università degli studi;Piemonte;NORD-OVEST;91-100;M;1513
2022;00101;Torino - Università degli studi;Piemonte;NORD-OVEST;110 e lode;F;2094
2022;00101;Torino - Università degli studi;Piemonte;NORD-OVEST;106-110;M;1001
2022;00101;Torino - Università degli studi;Piemonte;NORD-OVEST;101-105;M;916
2022;00101;Torino - Università degli studi;Piemonte;NORD-OVEST;66-90;M;665
2022;00101;Torino - Università degli studi;Piemonte;NORD-OVEST;66-90;F;625
2022;00101;Torino - Università degli studi;Piemonte;NORD-OVEST;101-105;F;1812
2022;00101;Torino - Università degli studi;Piemonte;NORD-OVEST;106-110;F;2131
2022;00101;Torino - Università degli studi;Piemonte;NORD-OVEST;91-100;F;2279
2022;00102;Torino - Politecnico;Piemonte;NORD-OVEST;91-100;F;717
2022;00102;Torino - Politecnico;Piemonte;NORD-OVEST;110 e lode;M;645
2022;00102;Torino - Politecnico;Piemonte;NORD-OVEST;106-110;M;1038
2022;00102;Torino - Politecnico;Piemonte;NORD-OVEST;101-105;M;883
2022;00102;Torino - Politecnico;Piemonte;NORD-OVEST;66-90;F;365
2022;00102;Torino - Politecnico;Piemonte;NORD-OVEST;91-100;M;1561
2022;00102;Torino - Politecnico;Piemonte;NORD-OVEST;66-90;M;1225
2022;00102;Torino - Politecnico;Piemonte;NORD-OVEST;106-110;F;529
2022;00102;Torino - Politecnico;Piemonte;NORD-OVEST;101-105;F;545
2022;00102;Torino - Politecnico;Piemonte;NORD-OVEST;110 e lode;F;286
2022;00201;"Vercelli - Università degli studi del Piemonte orientale ""A. Avogadro""";Piemonte;NORD-OVEST;66-90;M;137
2022;00201;"Vercelli - Università degli studi del Piemonte orientale ""A. Avogadro""";Piemonte;NORD-OVEST;106-110;M;141
2022;00201;"Vercelli - Università degli studi del Piemonte orientale ""A. Avogadro""";Piemonte;NORD-OVEST;91-100;M;276
2022;00201;"Vercelli - Università degli studi del Piemonte orientale ""A. Avogadro""";Piemonte;NORD-OVEST;101-105;F;250
2022;00201;"Vercelli - Università degli studi del Piemonte orientale ""A. Avogadro""";Piemonte;NORD-OVEST;66-90;F;132
2022;00201;"Vercelli - Università degli studi del Piemonte orientale ""A. Avogadro""";Piemonte;NORD-OVEST;110 e lode;M;114
2022;00201;"Vercelli - Università degli studi del Piemonte orientale ""A. Avogadro""";Piemonte;NORD-OVEST;106-110;F;269
2022;00201;"Vercelli - Università degli studi del Piemonte orientale ""A. Avogadro""";Piemonte;NORD-OVEST;110 e lode;F;231
2022;00201;"Vercelli - Università degli studi del Piemonte orientale ""A. Avogadro""";Piemonte;NORD-OVEST;101-105;M;127
2022;00201;"Vercelli - Università degli studi del Piemonte orientale ""A. Avogadro""";Piemonte;NORD-OVEST;91-100;F;465
2022;00401;Bra (CN) - Università di Scienze Gastronomiche;Piemonte;NORD-OVEST;66-90;M;3
2022;00401;Bra (CN) - Università di Scienze Gastronomiche;Piemonte;NORD-OVEST;110 e lode;M;3
2022;00401;Bra (CN) - Università di Scienze Gastronomiche;Piemonte;NORD-OVEST;106-110;F;32
2022;00401;Bra (CN) - Università di Scienze Gastronomiche;Piemonte;NORD-OVEST;101-105;M;19
2022;00401;Bra (CN) - Università di Scienze Gastronomiche;Piemonte;NORD-OVEST;110 e lode;F;5
2022;00401;Bra (CN) - Università di Scienze Gastronomiche;Piemonte;NORD-OVEST;91-100;M;23
2022;00401;Bra (CN) - Università di Scienze Gastronomiche;Piemonte;NORD-OVEST;91-100;F;13
2022;00401;Bra (CN) - Università di Scienze Gastronomiche;Piemonte;NORD-OVEST;106-110;M;12
2022;00401;Bra (CN) - Università di Scienze Gastronomiche;Piemonte;NORD-OVEST;101-105;F;21
2022;00701;Aosta - Università degli studi;Valle d'Aosta;NORD-OVEST;101-105;F;34
2022;00701;Aosta - Università degli studi;Valle d'Aosta;NORD-OVEST;91-100;F;33
2022;00701;Aosta - Università degli studi;Valle d'Aosta;NORD-OVEST;66-90;F;15
2022;00701;Aosta - Università degli studi;Valle d'Aosta;NORD-OVEST;66-90;M;5
2022;00701;Aosta - Università degli studi;Valle d'Aosta;NORD-OVEST;106-110;M;10
2022;00701;Aosta - Università degli studi;Valle d'Aosta;NORD-OVEST;101-105;M;16
2022;00701;Aosta - Università degli studi;Valle d'Aosta;NORD-OVEST;91-100;M;19
2022;00701;Aosta - Università degli studi;Valle d'Aosta;NORD-OVEST;106-110;F;29
2022;00701;Aosta - Università degli studi;Valle d'Aosta;NORD-OVEST;110 e lode;M;9
2022;00701;Aosta - Università degli studi;Valle d'Aosta;NORD-OVEST;110 e lode;F;23
2022;01001;Genova - Università degli studi;Liguria;NORD-OVEST;110 e lode;M;542
2022;01001;Genova - Università degli studi;Liguria;NORD-OVEST;101-105;F;574
2022;01001;Genova - Università degli studi;Liguria;NORD-OVEST;91-100;F;695
2022;01001;Genova - Università degli studi;Liguria;NORD-OVEST;106-110;M;461
2022;01001;Genova - Università degli studi;Liguria;NORD-OVEST;110 e lode;F;864
2022;01001;Genova - Università degli studi;Liguria;NORD-OVEST;66-90;M;245
2022;01001;Genova - Università degli studi;Liguria;NORD-OVEST;106-110;F;682
2022;01001;Genova - Università degli studi;Liguria;NORD-OVEST;91-100;M;582
2022;01001;Genova - Università degli studi;Liguria;NORD-OVEST;101-105;M;405
2022;01001;Genova - Università degli studi;Liguria;NORD-OVEST;66-90;F;208
2022;01201;"Castellanza - Università ""Carlo Cattaneo""";Lombardia;NORD-OVEST;106-110;F;99
2022;01201;"Castellanza - Università ""Carlo Cattaneo""";Lombardia;NORD-OVEST;91-100;F;95
2022;01201;"Castellanza - Università ""Carlo Cattaneo""";Lombardia;NORD-OVEST;66-90;M;100
2022;01201;"Castellanza - Università ""Carlo Cattaneo""";Lombardia;NORD-OVEST;101-105;M;130
2022;01201;"Castellanza - Università ""Carlo Cattaneo""";Lombardia;NORD-OVEST;110 e lode;F;83
2022;01201;"Castellanza - Università ""Carlo Cattaneo""";Lombardia;NORD-OVEST;66-90;F;42
2022;01201;"Castellanza - Università ""Carlo Cattaneo""";Lombardia;NORD-OVEST;110 e lode;M;63
2022;01201;"Castellanza - Università ""Carlo Cattaneo""";Lombardia;NORD-OVEST;101-105;F;68
2022;01201;"Castellanza - Università ""Carlo Cattaneo""";Lombardia;NORD-OVEST;91-100;M;175
2022;01201;"Castellanza - Università ""Carlo Cattaneo""";Lombardia;NORD-OVEST;106-110;M;109
2022;01202;Varese - Università dell' Insubria;Lombardia;NORD-OVEST;91-100;F;325
2022;01202;Varese - Università dell' Insubria;Lombardia;NORD-OVEST;106-110;F;284
2022;01202;Varese - Università dell' Insubria;Lombardia;NORD-OVEST;91-100;M;310
2022;01202;Varese - Università dell' Insubria;Lombardia;NORD-OVEST;66-90;F;80
2022;01202;Varese - Università dell' Insubria;Lombardia;NORD-OVEST;101-105;F;258
2022;01202;Varese - Università dell' Insubria;Lombardia;NORD-OVEST;66-90;M;120
2022;01202;Varese - Università dell' Insubria;Lombardia;NORD-OVEST;101-105;M;159
2022;01202;Varese - Università dell' Insubria;Lombardia;NORD-OVEST;110 e lode;F;353
2022;01202;Varese - Università dell' Insubria;Lombardia;NORD-OVEST;106-110;M;134
2022;01202;Varese - Università dell' Insubria;Lombardia;NORD-OVEST;110 e lode;M;157
2022;01301;"Novedrate (CO) - Università telematica ""e-Campus""";Lombardia;NORD-OVEST;91-100;M;1975
2022;01301;"Novedrate (CO) - Università telematica ""e-Campus""";Lombardia;NORD-OVEST;voto non previsto;M;2
2022;01301;"Novedrate (CO) - Università telematica ""e-Campus""";Lombardia;NORD-OVEST;110 e lode;M;24
2022;01301;"Novedrate (CO) - Università telematica ""e-Campus""";Lombardia;NORD-OVEST;voto non previsto;F;3
2022;01301;"Novedrate (CO) - Università telematica ""e-Campus""";Lombardia;NORD-OVEST;106-110;M;58
2022;01301;"Novedrate (CO) - Università telematica ""e-Campus""";Lombardia;NORD-OVEST;101-105;M;294
2022;01301;"Novedrate (CO) - Università telematica ""e-Campus""";Lombardia;NORD-OVEST;106-110;F;187
2022;01301;"Novedrate (CO) - Università telematica ""e-Campus""";Lombardia;NORD-OVEST;101-105;F;656
2022;01301;"Novedrate (CO) - Università telematica ""e-Campus""";Lombardia;NORD-OVEST;66-90;F;2270
2022;01301;"Novedrate (CO) - Università telematica ""e-Campus""";Lombardia;NORD-OVEST;91-100;F;2823
2022;01301;"Novedrate (CO) - Università telematica ""e-Campus""";Lombardia;NORD-OVEST;110 e lode;F;71
2022;01301;"Novedrate (CO) - Università telematica ""e-Campus""";Lombardia;NORD-OVEST;66-90;M;2673
2022;01501;Milano - Università degli studi;Lombardia;NORD-OVEST;110 e lode;M;1142
2022;01501;Milano - Università degli studi;Lombardia;NORD-OVEST;91-100;M;1074
2022;01501;Milano - Università degli studi;Lombardia;NORD-OVEST;106-110;M;918
2022;01501;Milano - Università degli studi;Lombardia;NORD-OVEST;101-105;M;743
2022;01501;Milano - Università degli studi;Lombardia;NORD-OVEST;101-105;F;1394
2022;01501;Milano - Università degli studi;Lombardia;NORD-OVEST;91-100;F;1559
2022;01501;Milano - Università degli studi;Lombardia;NORD-OVEST;66-90;F;389
2022;01501;Milano - Università degli studi;Lombardia;NORD-OVEST;66-90;M;370
2022;01501;Milano - Università degli studi;Lombardia;NORD-OVEST;110 e lode;F;1860
2022;01501;Milano - Università degli studi;Lombardia;NORD-OVEST;106-110;F;1662
2022;01502;Milano - Politecnico;Lombardia;NORD-OVEST;106-110;F;1729
2022;01502;Milano - Politecnico;Lombardia;NORD-OVEST;91-100;M;2493
2022;01502;Milano - Politecnico;Lombardia;NORD-OVEST;101-105;M;1516
2022;01502;Milano - Politecnico;Lombardia;NORD-OVEST;66-90;F;404
2022;01502;Milano - Politecnico;Lombardia;NORD-OVEST;110 e lode;M;951
2022;01502;Milano - Politecnico;Lombardia;NORD-OVEST;110 e lode;F;731
2022;01502;Milano - Politecnico;Lombardia;NORD-OVEST;91-100;F;1007
2022;01502;Milano - Politecnico;Lombardia;NORD-OVEST;101-105;F;968
2022;01502;Milano - Politecnico;Lombardia;NORD-OVEST;66-90;M;1475
2022;01502;Milano - Politecnico;Lombardia;NORD-OVEST;106-110;M;1811
2022;01503;"Milano - Università commerciale ""Luigi Bocconi""";Lombardia;NORD-OVEST;91-100;M;651
2022;01503;"Milano - Università commerciale ""Luigi Bocconi""";Lombardia;NORD-OVEST;66-90;M;252
2022;01503;"Milano - Università commerciale ""Luigi Bocconi""";Lombardia;NORD-OVEST;106-110;M;656
2022;01503;"Milano - Università commerciale ""Luigi Bocconi""";Lombardia;NORD-OVEST;110 e lode;M;576
2022;01503;"Milano - Università commerciale ""Luigi Bocconi""";Lombardia;NORD-OVEST;101-105;F;472
2022;01503;"Milano - Università commerciale ""Luigi Bocconi""";Lombardia;NORD-OVEST;66-90;F;132
2022;01503;"Milano - Università commerciale ""Luigi Bocconi""";Lombardia;NORD-OVEST;110 e lode;F;393
2022;01503;"Milano - Università commerciale ""Luigi Bocconi""";Lombardia;NORD-OVEST;91-100;F;431
2022;01503;"Milano - Università commerciale ""Luigi Bocconi""";Lombardia;NORD-OVEST;101-105;M;612
2022;01503;"Milano - Università commerciale ""Luigi Bocconi""";Lombardia;NORD-OVEST;106-110;F;505
2022;01504;"Milano - Università Cattolica del ""Sacro Cuore""";Lombardia;NORD-OVEST;110 e lode;F;2720
2022;01504;"Milano - Università Cattolica del ""Sacro Cuore""";Lombardia;NORD-OVEST;101-105;F;1249
2022;01504;"Milano - Università Cattolica del ""Sacro Cuore""";Lombardia;NORD-OVEST;66-90;M;269
2022;01504;"Milano - Università Cattolica del ""Sacro Cuore""";Lombardia;NORD-OVEST;91-100;F;1278
2022;01504;"Milano - Università Cattolica del ""Sacro Cuore""";Lombardia;NORD-OVEST;110 e lode;M;942
2022;01504;"Milano - Università Cattolica del ""Sacro Cuore""";Lombardia;NORD-OVEST;106-110;F;1946
2022;01504;"Milano - Università Cattolica del ""Sacro Cuore""";Lombardia;NORD-OVEST;voto non previsto;F;5
2022;01504;"Milano - Università Cattolica del ""Sacro Cuore""";Lombardia;NORD-OVEST;101-105;M;653
2022;01504;"Milano - Università Cattolica del ""Sacro Cuore""";Lombardia;NORD-OVEST;106-110;M;765
2022;01504;"Milano - Università Cattolica del ""Sacro Cuore""";Lombardia;NORD-OVEST;66-90;F;245
2022;01504;"Milano - Università Cattolica del ""Sacro Cuore""";Lombardia;NORD-OVEST;91-100;M;845
2022;01504;"Milano - Università Cattolica del ""Sacro Cuore""";Lombardia;NORD-OVEST;voto non previsto;M;1
2022;01505;Milano - Libera Università di Lingue e Comunicazione (IULM);Lombardia;NORD-OVEST;66-90;F;126
2022;01505;Milano - Libera Università di Lingue e Comunicazione (IULM);Lombardia;NORD-OVEST;106-110;F;362
2022;01505;Milano - Libera Università di Lingue e Comunicazione (IULM);Lombardia;NORD-OVEST;66-90;M;83
2022;01505;Milano - Libera Università di Lingue e Comunicazione (IULM);Lombardia;NORD-OVEST;110 e lode;M;51
2022;01505;Milano - Libera Università di Lingue e Comunicazione (IULM);Lombardia;NORD-OVEST;110 e lode;F;241
2022;01505;Milano - Libera Università di Lingue e Comunicazione (IULM);Lombardia;NORD-OVEST;106-110;M;88
2022;01505;Milano - Libera Università di Lingue e Comunicazione (IULM);Lombardia;NORD-OVEST;91-100;F;458
2022;01505;Milano - Libera Università di Lingue e Comunicazione (IULM);Lombardia;NORD-OVEST;101-105;F;340
2022;01505;Milano - Libera Università di Lingue e Comunicazione (IULM);Lombardia;NORD-OVEST;101-105;M;91
2022;01505;Milano - Libera Università di Lingue e Comunicazione (IULM);Lombardia;NORD-OVEST;91-100;M;173
2022;01508;Milano - Università Vita-Salute San Raffaele;Lombardia;NORD-OVEST;91-100;F;77
2022;01508;Milano - Università Vita-Salute San Raffaele;Lombardia;NORD-OVEST;101-105;M;33
2022;01508;Milano - Università Vita-Salute San Raffaele;Lombardia;NORD-OVEST;66-90;M;6
2022;01508;Milano - Università Vita-Salute San Raffaele;Lombardia;NORD-OVEST;110 e lode;M;100
2022;01508;Milano - Università Vita-Salute San Raffaele;Lombardia;NORD-OVEST;91-100;M;38
2022;01508;Milano - Università Vita-Salute San Raffaele;Lombardia;NORD-OVEST;101-105;F;73
2022;01508;Milano - Università Vita-Salute San Raffaele;Lombardia;NORD-OVEST;106-110;F;140
2022;01508;Milano - Università Vita-Salute San Raffaele;Lombardia;NORD-OVEST;106-110;M;55
2022;01508;Milano - Università Vita-Salute San Raffaele;Lombardia;NORD-OVEST;66-90;F;9
2022;01508;Milano - Università Vita-Salute San Raffaele;Lombardia;NORD-OVEST;110 e lode;F;219
2022;01509;Milano-Bicocca - Università degli studi;Lombardia;NORD-OVEST;101-105;M;521
2022;01509;Milano-Bicocca - Università degli studi;Lombardia;NORD-OVEST;91-100;F;980
2022;01509;Milano-Bicocca - Università degli studi;Lombardia;NORD-OVEST;106-110;F;1093
2022;01509;Milano-Bicocca - Università degli studi;Lombardia;NORD-OVEST;101-105;F;903
2022;01509;Milano-Bicocca - Università degli studi;Lombardia;NORD-OVEST;66-90;F;209
2022;01509;Milano-Bicocca - Università degli studi;Lombardia;NORD-OVEST;voto non previsto;F;5
2022;01509;Milano-Bicocca - Università degli studi;Lombardia;NORD-OVEST;66-90;M;240
2022;01509;Milano-Bicocca - Università degli studi;Lombardia;NORD-OVEST;91-100;M;745
2022;01509;Milano-Bicocca - Università degli studi;Lombardia;NORD-OVEST;110 e lode;F;1190
2022;01509;Milano-Bicocca - Università degli studi;Lombardia;NORD-OVEST;voto non previsto;M;1
2022;01509;Milano-Bicocca - Università degli studi;Lombardia;NORD-OVEST;106-110;M;526
2022;01509;Milano-Bicocca - Università degli studi;Lombardia;NORD-OVEST;110 e lode;M;649
2022;01510;Rozzano (MI) - Humanitas University;Lombardia;NORD-OVEST;110 e lode;M;22
2022;01510;Rozzano (MI) - Humanitas University;Lombardia;NORD-OVEST;101-105;M;18
2022;01510;Rozzano (MI) - Humanitas University;Lombardia;NORD-OVEST;110 e lode;F;58
2022;01510;Rozzano (MI) - Humanitas University;Lombardia;NORD-OVEST;66-90;F;2
2022;01510;Rozzano (MI) - Humanitas University;Lombardia;NORD-OVEST;91-100;M;17
2022;01510;Rozzano (MI) - Humanitas University;Lombardia;NORD-OVEST;91-100;F;34
2022;01510;Rozzano (MI) - Humanitas University;Lombardia;NORD-OVEST;106-110;F;32
2022;01510;Rozzano (MI) - Humanitas University;Lombardia;NORD-OVEST;66-90;M;2
2022;01510;Rozzano (MI) - Humanitas University;Lombardia;NORD-OVEST;106-110;M;28
2022;01510;Rozzano (MI) - Humanitas University;Lombardia;NORD-OVEST;101-105;F;34
2022;01601;Bergamo - Università degli studi;Lombardia;NORD-OVEST;66-90;M;303
2022;01601;Bergamo - Università degli studi;Lombardia;NORD-OVEST;106-110;M;216
2022;01601;Bergamo - Università degli studi;Lombardia;NORD-OVEST;110 e lode;M;195
2022;01601;Bergamo - Università degli studi;Lombardia;NORD-OVEST;106-110;F;550
2022;01601;Bergamo - Università degli studi;Lombardia;NORD-OVEST;101-105;F;627
2022;01601;Bergamo - Università degli studi;Lombardia;NORD-OVEST;110 e lode;F;448
2022;01601;Bergamo - Università degli studi;Lombardia;NORD-OVEST;66-90;F;311
2022;01601;Bergamo - Università degli studi;Lombardia;NORD-OVEST;101-105;M;242
2022;01601;Bergamo - Università degli studi;Lombardia;NORD-OVEST;91-100;F;981
2022;01601;Bergamo - Università degli studi;Lombardia;NORD-OVEST;91-100;M;475
2022;01701;Brescia - Università degli studi;Lombardia;NORD-OVEST;66-90;F;159
2022;01701;Brescia - Università degli studi;Lombardia;NORD-OVEST;91-100;M;375
2022;01701;Brescia - Università degli studi;Lombardia;NORD-OVEST;110 e lode;F;293
2022;01701;Brescia - Università degli studi;Lombardia;NORD-OVEST;106-110;F;248
2022;01701;Brescia - Università degli studi;Lombardia;NORD-OVEST;101-105;F;190
2022;01701;Brescia - Università degli studi;Lombardia;NORD-OVEST;110 e lode;M;215
2022;01701;Brescia - Università degli studi;Lombardia;NORD-OVEST;91-100;F;308
2022;01701;Brescia - Università degli studi;Lombardia;NORD-OVEST;106-110;M;193
2022;01701;Brescia - Università degli studi;Lombardia;NORD-OVEST;101-105;M;249
2022;01701;Brescia - Università degli studi;Lombardia;NORD-OVEST;66-90;M;262
2022;01801;Pavia - Università degli studi;Lombardia;NORD-OVEST;110 e lode;M;412
2022;01801;Pavia - Università degli studi;Lombardia;NORD-OVEST;66-90;M;220
2022;01801;Pavia - Università degli studi;Lombardia;NORD-OVEST;106-110;F;656
2022;01801;Pavia - Università degli studi;Lombardia;NORD-OVEST;voto non previsto;M;3
2022;01801;Pavia - Università degli studi;Lombardia;NORD-OVEST;110 e lode;F;894
2022;01801;Pavia - Università degli studi;Lombardia;NORD-OVEST;66-90;F;182
2022;01801;Pavia - Università degli studi;Lombardia;NORD-OVEST;101-105;M;322
2022;01801;Pavia - Università degli studi;Lombardia;NORD-OVEST;91-100;M;513
2022;01801;Pavia - Università degli studi;Lombardia;NORD-OVEST;voto non previsto;F;3
2022;01801;Pavia - Università degli studi;Lombardia;NORD-OVEST;91-100;F;626
2022;01801;Pavia - Università degli studi;Lombardia;NORD-OVEST;106-110;M;409
2022;01801;Pavia - Università degli studi;Lombardia;NORD-OVEST;101-105;F;468
2022;02101;Bolzano - Libera Università;Trentino Alto Adige;NORD-EST;110 e lode;M;39
2022;02101;Bolzano - Libera Università;Trentino Alto Adige;NORD-EST;106-110;M;51
2022;02101;Bolzano - Libera Università;Trentino Alto Adige;NORD-EST;101-105;F;136
2022;02101;Bolzano - Libera Università;Trentino Alto Adige;NORD-EST;91-100;F;190
2022;02101;Bolzano - Libera Università;Trentino Alto Adige;NORD-EST;66-90;F;34
2022;02101;Bolzano - Libera Università;Trentino Alto Adige;NORD-EST;101-105;M;46
2022;02101;Bolzano - Libera Università;Trentino Alto Adige;NORD-EST;91-100;M;68
2022;02101;Bolzano - Libera Università;Trentino Alto Adige;NORD-EST;110 e lode;F;91
2022;02101;Bolzano - Libera Università;Trentino Alto Adige;NORD-EST;66-90;M;26
2022;02101;Bolzano - Libera Università;Trentino Alto Adige;NORD-EST;106-110;F;159
2022;02201;Trento - Università degli studi;Trentino Alto Adige;NORD-EST;66-90;M;129
2022;02201;Trento - Università degli studi;Trentino Alto Adige;NORD-EST;110 e lode;F;580
2022;02201;Trento - Università degli studi;Trentino Alto Adige;NORD-EST;106-110;F;562
2022;02201;Trento - Università degli studi;Trentino Alto Adige;NORD-EST;110 e lode;M;460
2022;02201;Trento - Università degli studi;Trentino Alto Adige;NORD-EST;66-90;F;82
2022;02201;Trento - Università degli studi;Trentino Alto Adige;NORD-EST;101-105;F;371
2022;02201;Trento - Università degli studi;Trentino Alto Adige;NORD-EST;91-100;M;485
2022;02201;Trento - Università degli studi;Trentino Alto Adige;NORD-EST;101-105;M;342
2022;02201;Trento - Università degli studi;Trentino Alto Adige;NORD-EST;106-110;M;425
2022;02201;Trento - Università degli studi;Trentino Alto Adige;NORD-EST;91-100;F;395
2022;02301;Verona - Università degli studi;Veneto;NORD-EST;66-90;M;198
2022;02301;Verona - Università degli studi;Veneto;NORD-EST;110 e lode;F;916
2022;02301;Verona - Università degli studi;Veneto;NORD-EST;101-105;F;644
2022;02301;Verona - Università degli studi;Veneto;NORD-EST;110 e lode;M;368
2022;02301;Verona - Università degli studi;Veneto;NORD-EST;101-105;M;270
2022;02301;Verona - Università degli studi;Veneto;NORD-EST;91-100;M;437
2022;02301;Verona - Università degli studi;Veneto;NORD-EST;91-100;F;738
2022;02301;Verona - Università degli studi;Veneto;NORD-EST;106-110;F;701
2022;02301;Verona - Università degli studi;Veneto;NORD-EST;106-110;M;288
2022;02301;Verona - Università degli studi;Veneto;NORD-EST;66-90;F;183
2022;02701;Venezia - Università Ca' Foscari Venezia;Veneto;NORD-EST;66-90;M;179
2022;02701;Venezia - Università Ca' Foscari Venezia;Veneto;NORD-EST;101-105;M;263
2022;02701;Venezia - Università Ca' Foscari Venezia;Veneto;NORD-EST;106-110;M;333
2022;02701;Venezia - Università Ca' Foscari Venezia;Veneto;NORD-EST;110 e lode;F;1061
2022;02701;Venezia - Università Ca' Foscari Venezia;Veneto;NORD-EST;91-100;M;417
2022;02701;Venezia - Università Ca' Foscari Venezia;Veneto;NORD-EST;101-105;F;576
2022;02701;Venezia - Università Ca' Foscari Venezia;Veneto;NORD-EST;91-100;F;733
2022;02701;Venezia - Università Ca' Foscari Venezia;Veneto;NORD-EST;106-110;F;850
2022;02701;Venezia - Università Ca' Foscari Venezia;Veneto;NORD-EST;110 e lode;M;452
2022;02701;Venezia - Università Ca' Foscari Venezia;Veneto;NORD-EST;66-90;F;195
2022;02702;Venezia - Università IUAV;Veneto;NORD-EST;101-105;M;99
2022;02702;Venezia - Università IUAV;Veneto;NORD-EST;66-90;M;6
2022;02702;Venezia - Università IUAV;Veneto;NORD-EST;91-100;M;85
2022;02702;Venezia - Università IUAV;Veneto;NORD-EST;101-105;F;131
2022;02702;Venezia - Università IUAV;Veneto;NORD-EST;91-100;F;91
2022;02702;Venezia - Università IUAV;Veneto;NORD-EST;66-90;F;5
2022;02702;Venezia - Università IUAV;Veneto;NORD-EST;106-110;M;145
2022;02702;Venezia - Università IUAV;Veneto;NORD-EST;106-110;F;253
2022;02702;Venezia - Università IUAV;Veneto;NORD-EST;110 e lode;M;106
2022;02702;Venezia - Università IUAV;Veneto;NORD-EST;110 e lode;F;164
2022;02801;Padova - Università degli studi;Veneto;NORD-EST;66-90;F;465
2022;02801;Padova - Università degli studi;Veneto;NORD-EST;91-100;M;1646
2022;02801;Padova - Università degli studi;Veneto;NORD-EST;101-105;F;1348
2022;02801;Padova - Università degli studi;Veneto;NORD-EST;91-100;F;1632
2022;02801;Padova - Università degli studi;Veneto;NORD-EST;106-110;F;1896
2022;02801;Padova - Università degli studi;Veneto;NORD-EST;66-90;M;758
2022;02801;Padova - Università degli studi;Veneto;NORD-EST;voto non previsto;M;5
2022;02801;Padova - Università degli studi;Veneto;NORD-EST;110 e lode;M;1189
2022;02801;Padova - Università degli studi;Veneto;NORD-EST;110 e lode;F;2184
2022;02801;Padova - Università degli studi;Veneto;NORD-EST;101-105;M;990
2022;02801;Padova - Università degli studi;Veneto;NORD-EST;voto non previsto;F;3
2022;02801;Padova - Università degli studi;Veneto;NORD-EST;106-110;M;1346
2022;03001;Udine - Università degli studi;Friuli Venezia Giulia;NORD-EST;101-105;F;283
2022;03001;Udine - Università degli studi;Friuli Venezia Giulia;NORD-EST;106-110;F;418
2022;03001;Udine - Università degli studi;Friuli Venezia Giulia;NORD-EST;101-105;M;243
2022;03001;Udine - Università degli studi;Friuli Venezia Giulia;NORD-EST;91-100;F;376
2022;03001;Udine - Università degli studi;Friuli Venezia Giulia;NORD-EST;106-110;M;256
2022;03001;Udine - Università degli studi;Friuli Venezia Giulia;NORD-EST;110 e lode;F;426
2022;03001;Udine - Università degli studi;Friuli Venezia Giulia;NORD-EST;66-90;F;96
2022;03001;Udine - Università degli studi;Friuli Venezia Giulia;NORD-EST;voto non previsto;F;6
2022;03001;Udine - Università degli studi;Friuli Venezia Giulia;NORD-EST;voto non previsto;M;2
2022;03001;Udine - Università degli studi;Friuli Venezia Giulia;NORD-EST;91-100;M;352
2022;03001;Udine - Università degli studi;Friuli Venezia Giulia;NORD-EST;66-90;M;176
2022;03001;Udine - Università degli studi;Friuli Venezia Giulia;NORD-EST;110 e lode;M;227
2022;03201;Trieste - Università degli studi;Friuli Venezia Giulia;NORD-EST;66-90;F;76
2022;03201;Trieste - Università degli studi;Friuli Venezia Giulia;NORD-EST;110 e lode;M;322
2022;03201;Trieste - Università degli studi;Friuli Venezia Giulia;NORD-EST;66-90;M;130
2022;03201;Trieste - Università degli studi;Friuli Venezia Giulia;NORD-EST;101-105;M;194
2022;03201;Trieste - Università degli studi;Friuli Venezia Giulia;NORD-EST;110 e lode;F;468
2022;03201;Trieste - Università degli studi;Friuli Venezia Giulia;NORD-EST;106-110;F;446
2022;03201;Trieste - Università degli studi;Friuli Venezia Giulia;NORD-EST;91-100;F;367
2022;03201;Trieste - Università degli studi;Friuli Venezia Giulia;NORD-EST;voto non previsto;F;4
2022;03201;Trieste - Università degli studi;Friuli Venezia Giulia;NORD-EST;101-105;F;346
2022;03201;Trieste - Università degli studi;Friuli Venezia Giulia;NORD-EST;91-100;M;278
2022;03201;Trieste - Università degli studi;Friuli Venezia Giulia;NORD-EST;106-110;M;261
2022;03201;Trieste - Università degli studi;Friuli Venezia Giulia;NORD-EST;voto non previsto;M;4
2022;03401;Parma - Università degli studi;Emilia Romagna;NORD-EST;voto non previsto;F;4
2022;03401;Parma - Università degli studi;Emilia Romagna;NORD-EST;101-105;F;653
2022;03401;Parma - Università degli studi;Emilia Romagna;NORD-EST;91-100;F;764
2022;03401;Parma - Università degli studi;Emilia Romagna;NORD-EST;106-110;F;763
2022;03401;Parma - Università degli studi;Emilia Romagna;NORD-EST;66-90;M;281
2022;03401;Parma - Università degli studi;Emilia Romagna;NORD-EST;91-100;M;574
2022;03401;Parma - Università degli studi;Emilia Romagna;NORD-EST;106-110;M;451
2022;03401;Parma - Università degli studi;Emilia Romagna;NORD-EST;110 e lode;F;856
2022;03401;Parma - Università degli studi;Emilia Romagna;NORD-EST;66-90;F;268
2022;03401;Parma - Università degli studi;Emilia Romagna;NORD-EST;101-105;M;382
2022;03401;Parma - Università degli studi;Emilia Romagna;NORD-EST;110 e lode;M;401
2022;03601;Modena e Reggio Emilia - Università degli studi;Emilia Romagna;NORD-EST;101-105;F;637
2022;03601;Modena e Reggio Emilia - Università degli studi;Emilia Romagna;NORD-EST;66-90;F;268
2022;03601;Modena e Reggio Emilia - Università degli studi;Emilia Romagna;NORD-EST;voto non previsto;M;1
2022;03601;Modena e Reggio Emilia - Università degli studi;Emilia Romagna;NORD-EST;110 e lode;M;465
2022;03601;Modena e Reggio Emilia - Università degli studi;Emilia Romagna;NORD-EST;106-110;M;493
2022;03601;Modena e Reggio Emilia - Università degli studi;Emilia Romagna;NORD-EST;91-100;F;836
2022;03601;Modena e Reggio Emilia - Università degli studi;Emilia Romagna;NORD-EST;91-100;M;766
2022;03601;Modena e Reggio Emilia - Università degli studi;Emilia Romagna;NORD-EST;106-110;F;691
2022;03601;Modena e Reggio Emilia - Università degli studi;Emilia Romagna;NORD-EST;66-90;M;337
2022;03601;Modena e Reggio Emilia - Università degli studi;Emilia Romagna;NORD-EST;110 e lode;F;638
2022;03601;Modena e Reggio Emilia - Università degli studi;Emilia Romagna;NORD-EST;101-105;M;461
2022;03601;Modena e Reggio Emilia - Università degli studi;Emilia Romagna;NORD-EST;voto non previsto;F;5
2022;03701;Bologna - Università degli studi;Emilia Romagna;NORD-EST;106-110;M;1789
2022;03701;Bologna - Università degli studi;Emilia Romagna;NORD-EST;101-105;F;2069
2022;03701;Bologna - Università degli studi;Emilia Romagna;NORD-EST;110 e lode;M;2170
2022;03701;Bologna - Università degli studi;Emilia Romagna;NORD-EST;66-90;M;720
2022;03701;Bologna - Università degli studi;Emilia Romagna;NORD-EST;101-105;M;1506
2022;03701;Bologna - Università degli studi;Emilia Romagna;NORD-EST;91-100;F;2111
2022;03701;Bologna - Università degli studi;Emilia Romagna;NORD-EST;110 e lode;F;3422
2022;03701;Bologna - Università degli studi;Emilia Romagna;NORD-EST;106-110;F;2688
2022;03701;Bologna - Università degli studi;Emilia Romagna;NORD-EST;66-90;F;520
2022;03701;Bologna - Università degli studi;Emilia Romagna;NORD-EST;91-100;M;1843
2022;03801;Ferrara - Università degli studi;Emilia Romagna;NORD-EST;voto non previsto;F;5
2022;03801;Ferrara - Università degli studi;Emilia Romagna;NORD-EST;110 e lode;F;594
2022;03801;Ferrara - Università degli studi;Emilia Romagna;NORD-EST;106-110;M;301
2022;03801;Ferrara - Università degli studi;Emilia Romagna;NORD-EST;66-90;M;224
2022;03801;Ferrara - Università degli studi;Emilia Romagna;NORD-EST;91-100;M;603
2022;03801;Ferrara - Università degli studi;Emilia Romagna;NORD-EST;110 e lode;M;284
2022;03801;Ferrara - Università degli studi;Emilia Romagna;NORD-EST;106-110;F;545
2022;03801;Ferrara - Università degli studi;Emilia Romagna;NORD-EST;101-105;F;610
2022;03801;Ferrara - Università degli studi;Emilia Romagna;NORD-EST;66-90;F;282
2022;03801;Ferrara - Università degli studi;Emilia Romagna;NORD-EST;91-100;F;962
2022;03801;Ferrara - Università degli studi;Emilia Romagna;NORD-EST;101-105;M;361
2022;04101;"Urbino - Università degli studi ""Carlo Bo""";Marche;CENTRO;101-105;F;408
2022;04101;"Urbino - Università degli studi ""Carlo Bo""";Marche;CENTRO;106-110;M;133
2022;04101;"Urbino - Università degli studi ""Carlo Bo""";Marche;CENTRO;91-100;M;325
2022;04101;"Urbino - Università degli studi ""Carlo Bo""";Marche;CENTRO;66-90;F;140
2022;04101;"Urbino - Università degli studi ""Carlo Bo""";Marche;CENTRO;110 e lode;F;348
2022;04101;"Urbino - Università degli studi ""Carlo Bo""";Marche;CENTRO;voto non previsto;M;1
2022;04101;"Urbino - Università degli studi ""Carlo Bo""";Marche;CENTRO;106-110;F;420
2022;04101;"Urbino - Università degli studi ""Carlo Bo""";Marche;CENTRO;110 e lode;M;108
2022;04101;"Urbino - Università degli studi ""Carlo Bo""";Marche;CENTRO;voto non previsto;F;2
2022;04101;"Urbino - Università degli studi ""Carlo Bo""";Marche;CENTRO;66-90;M;115
2022;04101;"Urbino - Università degli studi ""Carlo Bo""";Marche;CENTRO;91-100;F;539
2022;04101;"Urbino - Università degli studi ""Carlo Bo""";Marche;CENTRO;101-105;M;157
2022;04201;Ancona - Università Politecnica delle Marche;Marche;CENTRO;110 e lode;F;434
2022;04201;Ancona - Università Politecnica delle Marche;Marche;CENTRO;101-105;M;219
2022;04201;Ancona - Università Politecnica delle Marche;Marche;CENTRO;101-105;F;227
2022;04201;Ancona - Università Politecnica delle Marche;Marche;CENTRO;66-90;F;80
2022;04201;Ancona - Università Politecnica delle Marche;Marche;CENTRO;91-100;M;358
2022;04201;Ancona - Università Politecnica delle Marche;Marche;CENTRO;91-100;F;228
2022;04201;Ancona - Università Politecnica delle Marche;Marche;CENTRO;106-110;M;284
2022;04201;Ancona - Università Politecnica delle Marche;Marche;CENTRO;110 e lode;M;365
2022;04201;Ancona - Università Politecnica delle Marche;Marche;CENTRO;66-90;M;162
2022;04201;Ancona - Università Politecnica delle Marche;Marche;CENTRO;106-110;F;296
2022;04301;Macerata - Università degli studi;Marche;CENTRO;66-90;F;49
2022;04301;Macerata - Università degli studi;Marche;CENTRO;voto non previsto;F;1
2022;04301;Macerata - Università degli studi;Marche;CENTRO;106-110;M;95
2022;04301;Macerata - Università degli studi;Marche;CENTRO;110 e lode;F;407
2022;04301;Macerata - Università degli studi;Marche;CENTRO;101-105;F;325
2022;04301;Macerata - Università degli studi;Marche;CENTRO;91-100;F;301
2022;04301;Macerata - Università degli studi;Marche;CENTRO;91-100;M;114
2022;04301;Macerata - Università degli studi;Marche;CENTRO;101-105;M;88
2022;04301;Macerata - Università degli studi;Marche;CENTRO;106-110;F;370
2022;04301;Macerata - Università degli studi;Marche;CENTRO;voto non previsto;M;2
2022;04301;Macerata - Università degli studi;Marche;CENTRO;66-90;M;20
2022;04301;Macerata - Università degli studi;Marche;CENTRO;110 e lode;M;128
2022;04302;Camerino - Università degli studi;Marche;CENTRO;110 e lode;F;131
2022;04302;Camerino - Università degli studi;Marche;CENTRO;110 e lode;M;96
2022;04302;Camerino - Università degli studi;Marche;CENTRO;66-90;F;25
2022;04302;Camerino - Università degli studi;Marche;CENTRO;106-110;F;117
2022;04302;Camerino - Università degli studi;Marche;CENTRO;101-105;F;76
2022;04302;Camerino - Università degli studi;Marche;CENTRO;91-100;F;92
2022;04302;Camerino - Università degli studi;Marche;CENTRO;101-105;M;93
2022;04302;Camerino - Università degli studi;Marche;CENTRO;voto non previsto;F;1
2022;04302;Camerino - Università degli studi;Marche;CENTRO;106-110;M;102
2022;04302;Camerino - Università degli studi;Marche;CENTRO;66-90;M;45
2022;04302;Camerino - Università degli studi;Marche;CENTRO;91-100;M;105
2022;04801;Firenze - Università degli studi;Toscana;CENTRO;91-100;M;930
2022;04801;Firenze - Università degli studi;Toscana;CENTRO;66-90;M;262
2022;04801;Firenze - Università degli studi;Toscana;CENTRO;66-90;F;236
2022;04801;Firenze - Università degli studi;Toscana;CENTRO;voto non previsto;M;1
2022;04801;Firenze - Università degli studi;Toscana;CENTRO;110 e lode;F;1580
2022;04801;Firenze - Università degli studi;Toscana;CENTRO;106-110;M;825
2022;04801;Firenze - Università degli studi;Toscana;CENTRO;110 e lode;M;902
2022;04801;Firenze - Università degli studi;Toscana;CENTRO;101-105;M;784
2022;04801;Firenze - Università degli studi;Toscana;CENTRO;91-100;F;1171
2022;04801;Firenze - Università degli studi;Toscana;CENTRO;101-105;F;1096
2022;04801;Firenze - Università degli studi;Toscana;CENTRO;106-110;F;1294
2022;04804;"Firenze - Università telematica ""Italian University line""";Toscana;CENTRO;110 e lode;M;13
2022;04804;"Firenze - Università telematica ""Italian University line""";Toscana;CENTRO;101-105;F;10
2022;04804;"Firenze - Università telematica ""Italian University line""";Toscana;CENTRO;91-100;F;7
2022;04804;"Firenze - Università telematica ""Italian University line""";Toscana;CENTRO;106-110;M;6
2022;04804;"Firenze - Università telematica ""Italian University line""";Toscana;CENTRO;106-110;F;22
2022;04804;"Firenze - Università telematica ""Italian University line""";Toscana;CENTRO;66-90;F;1
2022;04804;"Firenze - Università telematica ""Italian University line""";Toscana;CENTRO;110 e lode;F;36
2022;04804;"Firenze - Università telematica ""Italian University line""";Toscana;CENTRO;91-100;M;3
2022;05001;Pisa - Università;Toscana;CENTRO;101-105;M;600
2022;05001;Pisa - Università;Toscana;CENTRO;110 e lode;F;1339
2022;05001;Pisa - Università;Toscana;CENTRO;106-110;F;941
2022;05001;Pisa - Università;Toscana;CENTRO;91-100;M;807
2022;05001;Pisa - Università;Toscana;CENTRO;106-110;M;808
2022;05001;Pisa - Università;Toscana;CENTRO;110 e lode;M;1100
2022;05001;Pisa - Università;Toscana;CENTRO;66-90;F;142
2022;05001;Pisa - Università;Toscana;CENTRO;66-90;M;176
2022;05001;Pisa - Università;Toscana;CENTRO;91-100;F;717
2022;05001;Pisa - Università;Toscana;CENTRO;101-105;F;717
2022;05201;Siena - Università degli studi;Toscana;CENTRO;106-110;M;225
2022;05201;Siena - Università degli studi;Toscana;CENTRO;66-90;M;154
2022;05201;Siena - Università degli studi;Toscana;CENTRO;110 e lode;F;547
2022;05201;Siena - Università degli studi;Toscana;CENTRO;106-110;F;444
2022;05201;Siena - Università degli studi;Toscana;CENTRO;101-105;M;172
2022;05201;Siena - Università degli studi;Toscana;CENTRO;91-100;M;217
2022;05201;Siena - Università degli studi;Toscana;CENTRO;91-100;F;322
2022;05201;Siena - Università degli studi;Toscana;CENTRO;voto non previsto;F;1
2022;05201;Siena - Università degli studi;Toscana;CENTRO;66-90;F;122
2022;05201;Siena - Università degli studi;Toscana;CENTRO;110 e lode;M;262
2022;05201;Siena - Università degli studi;Toscana;CENTRO;101-105;F;345
2022;05202;Siena - Università per stranieri;Toscana;CENTRO;91-100;F;99
2022;05202;Siena - Università per stranieri;Toscana;CENTRO;106-110;F;75
2022;05202;Siena - Università per stranieri;Toscana;CENTRO;66-90;F;16
2022;05202;Siena - Università per stranieri;Toscana;CENTRO;101-105;F;65
2022;05202;Siena - Università per stranieri;Toscana;CENTRO;110 e lode;F;89
2022;05202;Siena - Università per stranieri;Toscana;CENTRO;66-90;M;2
2022;05202;Siena - Università per stranieri;Toscana;CENTRO;110 e lode;M;11
2022;05202;Siena - Università per stranieri;Toscana;CENTRO;91-100;M;11
2022;05202;Siena - Università per stranieri;Toscana;CENTRO;101-105;M;19
2022;05202;Siena - Università per stranieri;Toscana;CENTRO;106-110;M;9
2022;05401;Perugia - Università degli studi;Umbria;CENTRO;106-110;F;599
2022;05401;Perugia - Università degli studi;Umbria;CENTRO;101-105;F;477
2022;05401;Perugia - Università degli studi;Umbria;CENTRO;91-100;F;517
2022;05401;Perugia - Università degli studi;Umbria;CENTRO;110 e lode;F;956
2022;05401;Perugia - Università degli studi;Umbria;CENTRO;66-90;F;88
2022;05401;Perugia - Università degli studi;Umbria;CENTRO;91-100;M;383
2022;05401;Perugia - Università degli studi;Umbria;CENTRO;106-110;M;303
2022;05401;Perugia - Università degli studi;Umbria;CENTRO;101-105;M;301
2022;05401;Perugia - Università degli studi;Umbria;CENTRO;110 e lode;M;464
2022;05401;Perugia - Università degli studi;Umbria;CENTRO;66-90;M;101
2022;05403;Perugia - Università per stranieri;Umbria;CENTRO;101-105;M;14
2022;05403;Perugia - Università per stranieri;Umbria;CENTRO;66-90;M;6
2022;05403;Perugia - Università per stranieri;Umbria;CENTRO;91-100;F;16
2022;05403;Perugia - Università per stranieri;Umbria;CENTRO;110 e lode;M;25
2022;05403;Perugia - Università per stranieri;Umbria;CENTRO;66-90;F;7
2022;05403;Perugia - Università per stranieri;Umbria;CENTRO;91-100;M;11
2022;05403;Perugia - Università per stranieri;Umbria;CENTRO;106-110;F;41
2022;05403;Perugia - Università per stranieri;Umbria;CENTRO;101-105;F;30
2022;05403;Perugia - Università per stranieri;Umbria;CENTRO;106-110;M;16
2022;05403;Perugia - Università per stranieri;Umbria;CENTRO;110 e lode;F;90
2022;05601;Viterbo - Università della Tuscia;Lazio;CENTRO;101-105;F;145
2022;05601;Viterbo - Università della Tuscia;Lazio;CENTRO;110 e lode;M;227
2022;05601;Viterbo - Università della Tuscia;Lazio;CENTRO;106-110;F;127
2022;05601;Viterbo - Università della Tuscia;Lazio;CENTRO;110 e lode;F;280
2022;05601;Viterbo - Università della Tuscia;Lazio;CENTRO;91-100;F;127
2022;05601;Viterbo - Università della Tuscia;Lazio;CENTRO;66-90;M;35
2022;05601;Viterbo - Università della Tuscia;Lazio;CENTRO;91-100;M;174
2022;05601;Viterbo - Università della Tuscia;Lazio;CENTRO;101-105;M;145
2022;05601;Viterbo - Università della Tuscia;Lazio;CENTRO;106-110;M;186
2022;05601;Viterbo - Università della Tuscia;Lazio;CENTRO;66-90;F;20
2022;05801;"Roma - Università degli studi ""La Sapienza""";Lazio;CENTRO;101-105;M;1272
2022;05801;"Roma - Università degli studi ""La Sapienza""";Lazio;CENTRO;66-90;F;563
2022;05801;"Roma - Università degli studi ""La Sapienza""";Lazio;CENTRO;110 e lode;F;4149
2022;05801;"Roma - Università degli studi ""La Sapienza""";Lazio;CENTRO;91-100;F;2135
2022;05801;"Roma - Università degli studi ""La Sapienza""";Lazio;CENTRO;110 e lode;M;2378
2022;05801;"Roma - Università degli studi ""La Sapienza""";Lazio;CENTRO;106-110;F;2508
2022;05801;"Roma - Università degli studi ""La Sapienza""";Lazio;CENTRO;66-90;M;700
2022;05801;"Roma - Università degli studi ""La Sapienza""";Lazio;CENTRO;106-110;M;1600
2022;05801;"Roma - Università degli studi ""La Sapienza""";Lazio;CENTRO;101-105;F;2074
2022;05801;"Roma - Università degli studi ""La Sapienza""";Lazio;CENTRO;91-100;M;1672
2022;05802;"Roma - Università degli studi di ""Tor Vergata""";Lazio;CENTRO;101-105;M;339
2022;05802;"Roma - Università degli studi di ""Tor Vergata""";Lazio;CENTRO;91-100;M;461
2022;05802;"Roma - Università degli studi di ""Tor Vergata""";Lazio;CENTRO;110 e lode;M;699
2022;05802;"Roma - Università degli studi di ""Tor Vergata""";Lazio;CENTRO;66-90;F;138
2022;05802;"Roma - Università degli studi di ""Tor Vergata""";Lazio;CENTRO;110 e lode;F;1062
2022;05802;"Roma - Università degli studi di ""Tor Vergata""";Lazio;CENTRO;91-100;F;541
2022;05802;"Roma - Università degli studi di ""Tor Vergata""";Lazio;CENTRO;66-90;M;187
2022;05802;"Roma - Università degli studi di ""Tor Vergata""";Lazio;CENTRO;106-110;F;618
2022;05802;"Roma - Università degli studi di ""Tor Vergata""";Lazio;CENTRO;101-105;F;471
2022;05802;"Roma - Università degli studi di ""Tor Vergata""";Lazio;CENTRO;106-110;M;473
2022;05803;Roma - Libera Università Maria SS.Assunta (LUMSA);Lazio;CENTRO;voto non previsto;M;1
2022;05803;Roma - Libera Università Maria SS.Assunta (LUMSA);Lazio;CENTRO;66-90;F;43
2022;05803;Roma - Libera Università Maria SS.Assunta (LUMSA);Lazio;CENTRO;106-110;F;316
2022;05803;Roma - Libera Università Maria SS.Assunta (LUMSA);Lazio;CENTRO;66-90;M;69
2022;05803;Roma - Libera Università Maria SS.Assunta (LUMSA);Lazio;CENTRO;110 e lode;F;543
2022;05803;Roma - Libera Università Maria SS.Assunta (LUMSA);Lazio;CENTRO;91-100;F;243
2022;05803;Roma - Libera Università Maria SS.Assunta (LUMSA);Lazio;CENTRO;110 e lode;M;113
2022;05803;Roma - Libera Università Maria SS.Assunta (LUMSA);Lazio;CENTRO;101-105;F;245
2022;05803;Roma - Libera Università Maria SS.Assunta (LUMSA);Lazio;CENTRO;101-105;M;73
2022;05803;Roma - Libera Università Maria SS.Assunta (LUMSA);Lazio;CENTRO;91-100;M;117
2022;05803;Roma - Libera Università Maria SS.Assunta (LUMSA);Lazio;CENTRO;voto non previsto;F;3
2022;05803;Roma - Libera Università Maria SS.Assunta (LUMSA);Lazio;CENTRO;106-110;M;80
2022;05805;Roma - Luiss Libera Università internazionale degli studi sociali Guido Carli;Lazio;CENTRO;101-105;F;258
2022;05805;Roma - Luiss Libera Università internazionale degli studi sociali Guido Carli;Lazio;CENTRO;91-100;F;159
2022;05805;Roma - Luiss Libera Università internazionale degli studi sociali Guido Carli;Lazio;CENTRO;110 e lode;M;495
2022;05805;Roma - Luiss Libera Università internazionale degli studi sociali Guido Carli;Lazio;CENTRO;66-90;M;74
2022;05805;Roma - Luiss Libera Università internazionale degli studi sociali Guido Carli;Lazio;CENTRO;106-110;M;452
2022;05805;Roma - Luiss Libera Università internazionale degli studi sociali Guido Carli;Lazio;CENTRO;106-110;F;451
2022;05805;Roma - Luiss Libera Università internazionale degli studi sociali Guido Carli;Lazio;CENTRO;91-100;M;306
2022;05805;Roma - Luiss Libera Università internazionale degli studi sociali Guido Carli;Lazio;CENTRO;66-90;F;19
2022;05805;Roma - Luiss Libera Università internazionale degli studi sociali Guido Carli;Lazio;CENTRO;110 e lode;F;549
2022;05805;Roma - Luiss Libera Università internazionale degli studi sociali Guido Carli;Lazio;CENTRO;101-105;M;327
2022;05806;"Roma - Università degli studi del ""Foro Italico""";Lazio;CENTRO;91-100;F;35
2022;05806;"Roma - Università degli studi del ""Foro Italico""";Lazio;CENTRO;101-105;F;28
2022;05806;"Roma - Università degli studi del ""Foro Italico""";Lazio;CENTRO;106-110;M;65
2022;05806;"Roma - Università degli studi del ""Foro Italico""";Lazio;CENTRO;66-90;M;38
2022;05806;"Roma - Università degli studi del ""Foro Italico""";Lazio;CENTRO;101-105;M;65
2022;05806;"Roma - Università degli studi del ""Foro Italico""";Lazio;CENTRO;106-110;F;32
2022;05806;"Roma - Università degli studi del ""Foro Italico""";Lazio;CENTRO;110 e lode;M;93
2022;05806;"Roma - Università degli studi del ""Foro Italico""";Lazio;CENTRO;91-100;M;98
2022;05806;"Roma - Università degli studi del ""Foro Italico""";Lazio;CENTRO;110 e lode;F;72
2022;05806;"Roma - Università degli studi del ""Foro Italico""";Lazio;CENTRO;66-90;F;4
2022;05807;Roma - III Università degli studi;Lazio;CENTRO;110 e lode;M;515
2022;05807;Roma - III Università degli studi;Lazio;CENTRO;voto non previsto;F;8
2022;05807;Roma - III Università degli studi;Lazio;CENTRO;101-105;M;329
2022;05807;Roma - III Università degli studi;Lazio;CENTRO;66-90;M;202
2022;05807;Roma - III Università degli studi;Lazio;CENTRO;91-100;M;520
2022;05807;Roma - III Università degli studi;Lazio;CENTRO;106-110;M;386
2022;05807;Roma - III Università degli studi;Lazio;CENTRO;110 e lode;F;863
2022;05807;Roma - III Università degli studi;Lazio;CENTRO;106-110;F;651
2022;05807;Roma - III Università degli studi;Lazio;CENTRO;66-90;F;152
2022;05807;Roma - III Università degli studi;Lazio;CENTRO;voto non previsto;M;3
2022;05807;Roma - III Università degli studi;Lazio;CENTRO;101-105;F;621
2022;05807;Roma - III Università degli studi;Lazio;CENTRO;91-100;F;778
2022;05808;"Roma - Università ""Campus Bio-Medico""";Lazio;CENTRO;110 e lode;M;120
2022;05808;"Roma - Università ""Campus Bio-Medico""";Lazio;CENTRO;66-90;F;7
2022;05808;"Roma - Università ""Campus Bio-Medico""";Lazio;CENTRO;91-100;F;37
2022;05808;"Roma - Università ""Campus Bio-Medico""";Lazio;CENTRO;110 e lode;F;168
2022;05808;"Roma - Università ""Campus Bio-Medico""";Lazio;CENTRO;101-105;M;16
2022;05808;"Roma - Università ""Campus Bio-Medico""";Lazio;CENTRO;106-110;M;41
2022;05808;"Roma - Università ""Campus Bio-Medico""";Lazio;CENTRO;66-90;M;3
2022;05808;"Roma - Università ""Campus Bio-Medico""";Lazio;CENTRO;91-100;M;34
2022;05808;"Roma - Università ""Campus Bio-Medico""";Lazio;CENTRO;101-105;F;43
2022;05808;"Roma - Università ""Campus Bio-Medico""";Lazio;CENTRO;106-110;F;87
2022;05809;Roma - Università degli Studi Internazionali – UNINT;Lazio;CENTRO;110 e lode;M;33
2022;05809;Roma - Università degli Studi Internazionali – UNINT;Lazio;CENTRO;110 e lode;F;234
2022;05809;Roma - Università degli Studi Internazionali – UNINT;Lazio;CENTRO;91-100;M;15
2022;05809;Roma - Università degli Studi Internazionali – UNINT;Lazio;CENTRO;106-110;M;29
2022;05809;Roma - Università degli Studi Internazionali – UNINT;Lazio;CENTRO;101-105;M;12
2022;05809;Roma - Università degli Studi Internazionali – UNINT;Lazio;CENTRO;66-90;F;3
2022;05809;Roma - Università degli Studi Internazionali – UNINT;Lazio;CENTRO;106-110;F;134
2022;05809;Roma - Università degli Studi Internazionali – UNINT;Lazio;CENTRO;91-100;F;56
2022;05809;Roma - Università degli Studi Internazionali – UNINT;Lazio;CENTRO;66-90;M;4
2022;05809;Roma - Università degli Studi Internazionali – UNINT;Lazio;CENTRO;101-105;F;71
2022;05810;"Roma - Università telematica ""Guglielmo Marconi""";Lazio;CENTRO;106-110;F;134
2022;05810;"Roma - Università telematica ""Guglielmo Marconi""";Lazio;CENTRO;101-105;F;170
2022;05810;"Roma - Università telematica ""Guglielmo Marconi""";Lazio;CENTRO;91-100;F;296
2022;05810;"Roma - Università telematica ""Guglielmo Marconi""";Lazio;CENTRO;66-90;M;102
2022;05810;"Roma - Università telematica ""Guglielmo Marconi""";Lazio;CENTRO;110 e lode;M;42
2022;05810;"Roma - Università telematica ""Guglielmo Marconi""";Lazio;CENTRO;106-110;M;58
2022;05810;"Roma - Università telematica ""Guglielmo Marconi""";Lazio;CENTRO;110 e lode;F;127
2022;05810;"Roma - Università telematica ""Guglielmo Marconi""";Lazio;CENTRO;91-100;M;250
2022;05810;"Roma - Università telematica ""Guglielmo Marconi""";Lazio;CENTRO;101-105;M;100
2022;05810;"Roma - Università telematica ""Guglielmo Marconi""";Lazio;CENTRO;66-90;F;59
2022;05811;"Roma - Università telematica ""Unitelma Sapienza""";Lazio;CENTRO;91-100;F;89
2022;05811;"Roma - Università telematica ""Unitelma Sapienza""";Lazio;CENTRO;66-90;M;25
2022;05811;"Roma - Università telematica ""Unitelma Sapienza""";Lazio;CENTRO;110 e lode;F;38
2022;05811;"Roma - Università telematica ""Unitelma Sapienza""";Lazio;CENTRO;106-110;M;32
2022;05811;"Roma - Università telematica ""Unitelma Sapienza""";Lazio;CENTRO;101-105;M;38
2022;05811;"Roma - Università telematica ""Unitelma Sapienza""";Lazio;CENTRO;91-100;M;91
2022;05811;"Roma - Università telematica ""Unitelma Sapienza""";Lazio;CENTRO;110 e lode;M;46
2022;05811;"Roma - Università telematica ""Unitelma Sapienza""";Lazio;CENTRO;66-90;F;24
2022;05811;"Roma - Università telematica ""Unitelma Sapienza""";Lazio;CENTRO;106-110;F;38
2022;05811;"Roma - Università telematica ""Unitelma Sapienza""";Lazio;CENTRO;101-105;F;45
2022;05812;Roma - Università Europea;Lazio;CENTRO;66-90;M;11
2022;05812;Roma - Università Europea;Lazio;CENTRO;101-105;M;23
2022;05812;Roma - Università Europea;Lazio;CENTRO;110 e lode;F;137
2022;05812;Roma - Università Europea;Lazio;CENTRO;106-110;M;21
2022;05812;Roma - Università Europea;Lazio;CENTRO;91-100;M;28
2022;05812;Roma - Università Europea;Lazio;CENTRO;91-100;F;44
2022;05812;Roma - Università Europea;Lazio;CENTRO;106-110;F;81
2022;05812;Roma - Università Europea;Lazio;CENTRO;66-90;F;13
2022;05812;Roma - Università Europea;Lazio;CENTRO;101-105;F;38
2022;05812;Roma - Università Europea;Lazio;CENTRO;110 e lode;M;21
2022;05813;"Roma - Università telematica internazionale ""UNINETTUNO""";Lazio;CENTRO;91-100;M;118
2022;05813;"Roma - Università telematica internazionale ""UNINETTUNO""";Lazio;CENTRO;101-105;M;70
2022;05813;"Roma - Università telematica internazionale ""UNINETTUNO""";Lazio;CENTRO;66-90;M;48
2022;05813;"Roma - Università telematica internazionale ""UNINETTUNO""";Lazio;CENTRO;106-110;M;74
2022;05813;"Roma - Università telematica internazionale ""UNINETTUNO""";Lazio;CENTRO;106-110;F;98
2022;05813;"Roma - Università telematica internazionale ""UNINETTUNO""";Lazio;CENTRO;110 e lode;F;95
2022;05813;"Roma - Università telematica internazionale ""UNINETTUNO""";Lazio;CENTRO;110 e lode;M;60
2022;05813;"Roma - Università telematica internazionale ""UNINETTUNO""";Lazio;CENTRO;66-90;F;19
2022;05813;"Roma - Università telematica internazionale ""UNINETTUNO""";Lazio;CENTRO;91-100;F;107
2022;05813;"Roma - Università telematica internazionale ""UNINETTUNO""";Lazio;CENTRO;101-105;F;82
2022;05814;Roma - Universitas telematica Mercatorum;Lazio;CENTRO;101-105;F;382
2022;05814;Roma - Universitas telematica Mercatorum;Lazio;CENTRO;106-110;F;209
2022;05814;Roma - Universitas telematica Mercatorum;Lazio;CENTRO;91-100;F;918
2022;05814;Roma - Universitas telematica Mercatorum;Lazio;CENTRO;110 e lode;M;120
2022;05814;Roma - Universitas telematica Mercatorum;Lazio;CENTRO;66-90;M;684
2022;05814;Roma - Universitas telematica Mercatorum;Lazio;CENTRO;66-90;F;438
2022;05814;Roma - Universitas telematica Mercatorum;Lazio;CENTRO;110 e lode;F;109
2022;05814;Roma - Universitas telematica Mercatorum;Lazio;CENTRO;101-105;M;579
2022;05814;Roma - Universitas telematica Mercatorum;Lazio;CENTRO;91-100;M;1665
2022;05814;Roma - Universitas telematica Mercatorum;Lazio;CENTRO;106-110;M;293
2022;05815;Roma - Università telematica Niccolò Cusano (già UNISU);Lazio;CENTRO;106-110;F;341
2022;05815;Roma - Università telematica Niccolò Cusano (già UNISU);Lazio;CENTRO;66-90;M;762
2022;05815;Roma - Università telematica Niccolò Cusano (già UNISU);Lazio;CENTRO;110 e lode;F;355
2022;05815;Roma - Università telematica Niccolò Cusano (già UNISU);Lazio;CENTRO;91-100;F;1261
2022;05815;Roma - Università telematica Niccolò Cusano (già UNISU);Lazio;CENTRO;101-105;F;527
2022;05815;Roma - Università telematica Niccolò Cusano (già UNISU);Lazio;CENTRO;110 e lode;M;121
2022;05815;Roma - Università telematica Niccolò Cusano (già UNISU);Lazio;CENTRO;101-105;M;451
2022;05815;Roma - Università telematica Niccolò Cusano (già UNISU);Lazio;CENTRO;106-110;M;195
2022;05815;Roma - Università telematica Niccolò Cusano (già UNISU);Lazio;CENTRO;91-100;M;1775
2022;05815;Roma - Università telematica Niccolò Cusano (già UNISU);Lazio;CENTRO;66-90;F;519
2022;05816;"Roma - Università telematica ""San Raffaele"" - già ""UNITEL""";Lazio;CENTRO;101-105;M;137
2022;05816;"Roma - Università telematica ""San Raffaele"" - già ""UNITEL""";Lazio;CENTRO;66-90;M;47
2022;05816;"Roma - Università telematica ""San Raffaele"" - già ""UNITEL""";Lazio;CENTRO;106-110;M;104
2022;05816;"Roma - Università telematica ""San Raffaele"" - già ""UNITEL""";Lazio;CENTRO;91-100;M;221
2022;05816;"Roma - Università telematica ""San Raffaele"" - già ""UNITEL""";Lazio;CENTRO;66-90;F;18
2022;05816;"Roma - Università telematica ""San Raffaele"" - già ""UNITEL""";Lazio;CENTRO;110 e lode;F;149
2022;05816;"Roma - Università telematica ""San Raffaele"" - già ""UNITEL""";Lazio;CENTRO;101-105;F;162
2022;05816;"Roma - Università telematica ""San Raffaele"" - già ""UNITEL""";Lazio;CENTRO;91-100;F;154
2022;05816;"Roma - Università telematica ""San Raffaele"" - già ""UNITEL""";Lazio;CENTRO;110 e lode;M;86
2022;05816;"Roma - Università telematica ""San Raffaele"" - già ""UNITEL""";Lazio;CENTRO;106-110;F;146
2022;05817;Roma - Link Campus University;Lazio;CENTRO;106-110;M;22
2022;05817;Roma - Link Campus University;Lazio;CENTRO;101-105;F;5
2022;05817;Roma - Link Campus University;Lazio;CENTRO;91-100;F;12
2022;05817;Roma - Link Campus University;Lazio;CENTRO;66-90;M;13
2022;05817;Roma - Link Campus University;Lazio;CENTRO;106-110;F;5
2022;05817;Roma - Link Campus University;Lazio;CENTRO;101-105;M;15
2022;05817;Roma - Link Campus University;Lazio;CENTRO;91-100;M;39
2022;05817;Roma - Link Campus University;Lazio;CENTRO;66-90;F;3
2022;05817;Roma - Link Campus University;Lazio;CENTRO;110 e lode;F;26
2022;05817;Roma - Link Campus University;Lazio;CENTRO;110 e lode;M;36
2022;05818;Roma - Saint Camillus International;Lazio;CENTRO;101-105;M;6
2022;05818;Roma - Saint Camillus International;Lazio;CENTRO;91-100;M;8
2022;05818;Roma - Saint Camillus International;Lazio;CENTRO;106-110;M;8
2022;05818;Roma - Saint Camillus International;Lazio;CENTRO;91-100;F;5
2022;05818;Roma - Saint Camillus International;Lazio;CENTRO;101-105;F;4
2022;05818;Roma - Saint Camillus International;Lazio;CENTRO;110 e lode;F;11
2022;05818;Roma - Saint Camillus International;Lazio;CENTRO;106-110;F;4
2022;05818;Roma - Saint Camillus International;Lazio;CENTRO;110 e lode;M;13
2022;05818;Roma - Saint Camillus International;Lazio;CENTRO;66-90;F;4
2022;05818;Roma - Saint Camillus International;Lazio;CENTRO;66-90;M;1
2022;06001;Cassino - Università degli Studi di Cassino e del Lazio Meridionale;Lazio;CENTRO;66-90;F;43
2022;06001;Cassino - Università degli Studi di Cassino e del Lazio Meridionale;Lazio;CENTRO;106-110;F;128
2022;06001;Cassino - Università degli Studi di Cassino e del Lazio Meridionale;Lazio;CENTRO;110 e lode;F;176
2022;06001;Cassino - Università degli Studi di Cassino e del Lazio Meridionale;Lazio;CENTRO;101-105;M;102
2022;06001;Cassino - Università degli Studi di Cassino e del Lazio Meridionale;Lazio;CENTRO;91-100;M;177
2022;06001;Cassino - Università degli Studi di Cassino e del Lazio Meridionale;Lazio;CENTRO;106-110;M;82
2022;06001;Cassino - Università degli Studi di Cassino e del Lazio Meridionale;Lazio;CENTRO;91-100;F;216
2022;06001;Cassino - Università degli Studi di Cassino e del Lazio Meridionale;Lazio;CENTRO;66-90;M;95
2022;06001;Cassino - Università degli Studi di Cassino e del Lazio Meridionale;Lazio;CENTRO;101-105;F;132
2022;06001;Cassino - Università degli Studi di Cassino e del Lazio Meridionale;Lazio;CENTRO;110 e lode;M;109
2022;06201;Benevento - Università degli studi del Sannio;Campania;SUD;91-100;M;82
2022;06201;Benevento - Università degli studi del Sannio;Campania;SUD;106-110;M;35
2022;06201;Benevento - Università degli studi del Sannio;Campania;SUD;91-100;F;84
2022;06201;Benevento - Università degli studi del Sannio;Campania;SUD;101-105;F;63
2022;06201;Benevento - Università degli studi del Sannio;Campania;SUD;110 e lode;M;84
2022;06201;Benevento - Università degli studi del Sannio;Campania;SUD;101-105;M;37
2022;06201;Benevento - Università degli studi del Sannio;Campania;SUD;106-110;F;61
2022;06201;Benevento - Università degli studi del Sannio;Campania;SUD;66-90;F;37
2022;06201;Benevento - Università degli studi del Sannio;Campania;SUD;110 e lode;F;101
2022;06201;Benevento - Università degli studi del Sannio;Campania;SUD;66-90;M;59
2022;06202;"Benevento - Università telematica ""Giustino Fortunato""";Campania;SUD;110 e lode;M;52
2022;06202;"Benevento - Università telematica ""Giustino Fortunato""";Campania;SUD;101-105;M;56
2022;06202;"Benevento - Università telematica ""Giustino Fortunato""";Campania;SUD;91-100;M;89
2022;06202;"Benevento - Università telematica ""Giustino Fortunato""";Campania;SUD;110 e lode;F;91
2022;06202;"Benevento - Università telematica ""Giustino Fortunato""";Campania;SUD;66-90;F;28
2022;06202;"Benevento - Università telematica ""Giustino Fortunato""";Campania;SUD;106-110;M;44
2022;06202;"Benevento - Università telematica ""Giustino Fortunato""";Campania;SUD;91-100;F;93
2022;06202;"Benevento - Università telematica ""Giustino Fortunato""";Campania;SUD;66-90;M;68
2022;06202;"Benevento - Università telematica ""Giustino Fortunato""";Campania;SUD;106-110;F;70
2022;06202;"Benevento - Università telematica ""Giustino Fortunato""";Campania;SUD;101-105;F;62
2022;06301;"Napoli - Università degli studi ""Federico II""";Campania;SUD;91-100;F;1521
2022;06301;"Napoli - Università degli studi ""Federico II""";Campania;SUD;106-110;F;1821
2022;06301;"Napoli - Università degli studi ""Federico II""";Campania;SUD;101-105;F;1269
2022;06301;"Napoli - Università degli studi ""Federico II""";Campania;SUD;110 e lode;M;1561
2022;06301;"Napoli - Università degli studi ""Federico II""";Campania;SUD;66-90;F;457
2022;06301;"Napoli - Università degli studi ""Federico II""";Campania;SUD;66-90;M;511
2022;06301;"Napoli - Università degli studi ""Federico II""";Campania;SUD;110 e lode;F;2312
2022;06301;"Napoli - Università degli studi ""Federico II""";Campania;SUD;91-100;M;1269
2022;06301;"Napoli - Università degli studi ""Federico II""";Campania;SUD;106-110;M;1174
2022;06301;"Napoli - Università degli studi ""Federico II""";Campania;SUD;101-105;M;856
2022;06302;"Napoli - Università degli studi ""Parthenope""";Campania;SUD;110 e lode;M;282
2022;06302;"Napoli - Università degli studi ""Parthenope""";Campania;SUD;106-110;F;121
2022;06302;"Napoli - Università degli studi ""Parthenope""";Campania;SUD;66-90;F;104
2022;06302;"Napoli - Università degli studi ""Parthenope""";Campania;SUD;110 e lode;F;302
2022;06302;"Napoli - Università degli studi ""Parthenope""";Campania;SUD;91-100;M;359
2022;06302;"Napoli - Università degli studi ""Parthenope""";Campania;SUD;101-105;M;204
2022;06302;"Napoli - Università degli studi ""Parthenope""";Campania;SUD;106-110;M;164
2022;06302;"Napoli - Università degli studi ""Parthenope""";Campania;SUD;91-100;F;221
2022;06302;"Napoli - Università degli studi ""Parthenope""";Campania;SUD;66-90;M;165
2022;06302;"Napoli - Università degli studi ""Parthenope""";Campania;SUD;101-105;F;159
2022;06303;"Napoli - Università degli studi ""L' Orientale""";Campania;SUD;106-110;M;59
2022;06303;"Napoli - Università degli studi ""L' Orientale""";Campania;SUD;110 e lode;M;100
2022;06303;"Napoli - Università degli studi ""L' Orientale""";Campania;SUD;66-90;F;66
2022;06303;"Napoli - Università degli studi ""L' Orientale""";Campania;SUD;106-110;F;368
2022;06303;"Napoli - Università degli studi ""L' Orientale""";Campania;SUD;101-105;F;319
2022;06303;"Napoli - Università degli studi ""L' Orientale""";Campania;SUD;91-100;F;357
2022;06303;"Napoli - Università degli studi ""L' Orientale""";Campania;SUD;66-90;M;15
2022;06303;"Napoli - Università degli studi ""L' Orientale""";Campania;SUD;101-105;M;44
2022;06303;"Napoli - Università degli studi ""L' Orientale""";Campania;SUD;voto non previsto;F;1
2022;06303;"Napoli - Università degli studi ""L' Orientale""";Campania;SUD;110 e lode;F;421
2022;06303;"Napoli - Università degli studi ""L' Orientale""";Campania;SUD;91-100;M;69
2022;06304;"Napoli - Università degli studi ""Suor Orsola Benincasa""";Campania;SUD;110 e lode;M;53
2022;06304;"Napoli - Università degli studi ""Suor Orsola Benincasa""";Campania;SUD;101-105;M;50
2022;06304;"Napoli - Università degli studi ""Suor Orsola Benincasa""";Campania;SUD;66-90;M;31
2022;06304;"Napoli - Università degli studi ""Suor Orsola Benincasa""";Campania;SUD;91-100;M;92
2022;06304;"Napoli - Università degli studi ""Suor Orsola Benincasa""";Campania;SUD;106-110;M;38
2022;06304;"Napoli - Università degli studi ""Suor Orsola Benincasa""";Campania;SUD;91-100;F;409
2022;06304;"Napoli - Università degli studi ""Suor Orsola Benincasa""";Campania;SUD;101-105;F;415
2022;06304;"Napoli - Università degli studi ""Suor Orsola Benincasa""";Campania;SUD;106-110;F;311
2022;06304;"Napoli - Università degli studi ""Suor Orsola Benincasa""";Campania;SUD;66-90;F;73
2022;06304;"Napoli - Università degli studi ""Suor Orsola Benincasa""";Campania;SUD;110 e lode;F;360
2022;06306;"Napoli - Università degli studi della Campania ""Luigi Vanvitelli""";Campania;SUD;110 e lode;F;796
2022;06306;"Napoli - Università degli studi della Campania ""Luigi Vanvitelli""";Campania;SUD;101-105;M;213
2022;06306;"Napoli - Università degli studi della Campania ""Luigi Vanvitelli""";Campania;SUD;106-110;M;341
2022;06306;"Napoli - Università degli studi della Campania ""Luigi Vanvitelli""";Campania;SUD;91-100;M;343
2022;06306;"Napoli - Università degli studi della Campania ""Luigi Vanvitelli""";Campania;SUD;66-90;F;168
2022;06306;"Napoli - Università degli studi della Campania ""Luigi Vanvitelli""";Campania;SUD;voto non previsto;M;3
2022;06306;"Napoli - Università degli studi della Campania ""Luigi Vanvitelli""";Campania;SUD;106-110;F;633
2022;06306;"Napoli - Università degli studi della Campania ""Luigi Vanvitelli""";Campania;SUD;110 e lode;M;437
2022;06306;"Napoli - Università degli studi della Campania ""Luigi Vanvitelli""";Campania;SUD;91-100;F;403
2022;06306;"Napoli - Università degli studi della Campania ""Luigi Vanvitelli""";Campania;SUD;101-105;F;363
2022;06306;"Napoli - Università degli studi della Campania ""Luigi Vanvitelli""";Campania;SUD;voto non previsto;F;2
2022;06306;"Napoli - Università degli studi della Campania ""Luigi Vanvitelli""";Campania;SUD;66-90;M;217
2022;06307;"Napoli - Università telematica ""Pegaso""";Campania;SUD;101-105;M;2867
2022;06307;"Napoli - Università telematica ""Pegaso""";Campania;SUD;110 e lode;M;2076
2022;06307;"Napoli - Università telematica ""Pegaso""";Campania;SUD;91-100;M;3397
2022;06307;"Napoli - Università telematica ""Pegaso""";Campania;SUD;66-90;F;650
2022;06307;"Napoli - Università telematica ""Pegaso""";Campania;SUD;106-110;F;3040
2022;06307;"Napoli - Università telematica ""Pegaso""";Campania;SUD;106-110;M;2990
2022;06307;"Napoli - Università telematica ""Pegaso""";Campania;SUD;66-90;M;672
2022;06307;"Napoli - Università telematica ""Pegaso""";Campania;SUD;91-100;F;2964
2022;06307;"Napoli - Università telematica ""Pegaso""";Campania;SUD;110 e lode;F;2572
2022;06307;"Napoli - Università telematica ""Pegaso""";Campania;SUD;101-105;F;2499
2022;06501;Salerno - Università degli studi;Campania;SUD;101-105;F;709
2022;06501;Salerno - Università degli studi;Campania;SUD;91-100;M;674
2022;06501;Salerno - Università degli studi;Campania;SUD;106-110;F;679
2022;06501;Salerno - Università degli studi;Campania;SUD;66-90;F;255
2022;06501;Salerno - Università degli studi;Campania;SUD;66-90;M;322
2022;06501;Salerno - Università degli studi;Campania;SUD;101-105;M;430
2022;06501;Salerno - Università degli studi;Campania;SUD;110 e lode;F;882
2022;06501;Salerno - Università degli studi;Campania;SUD;110 e lode;M;612
2022;06501;Salerno - Università degli studi;Campania;SUD;91-100;F;813
2022;06501;Salerno - Università degli studi;Campania;SUD;106-110;M;413
2022;06601;L'Aquila - Università degli studi;Abruzzo;SUD;101-105;F;334
2022;06601;L'Aquila - Università degli studi;Abruzzo;SUD;66-90;M;95
2022;06601;L'Aquila - Università degli studi;Abruzzo;SUD;66-90;F;69
2022;06601;L'Aquila - Università degli studi;Abruzzo;SUD;106-110;F;304
2022;06601;L'Aquila - Università degli studi;Abruzzo;SUD;110 e lode;M;291
2022;06601;L'Aquila - Università degli studi;Abruzzo;SUD;91-100;M;538
2022;06601;L'Aquila - Università degli studi;Abruzzo;SUD;101-105;M;274
2022;06601;L'Aquila - Università degli studi;Abruzzo;SUD;91-100;F;406
2022;06601;L'Aquila - Università degli studi;Abruzzo;SUD;106-110;M;199
2022;06601;L'Aquila - Università degli studi;Abruzzo;SUD;110 e lode;F;547
2022;06701;Teramo - Università degli studi;Abruzzo;SUD;91-100;F;119
2022;06701;Teramo - Università degli studi;Abruzzo;SUD;110 e lode;M;72
2022;06701;Teramo - Università degli studi;Abruzzo;SUD;101-105;F;70
2022;06701;Teramo - Università degli studi;Abruzzo;SUD;110 e lode;F;156
2022;06701;Teramo - Università degli studi;Abruzzo;SUD;101-105;M;84
2022;06701;Teramo - Università degli studi;Abruzzo;SUD;106-110;M;67
2022;06701;Teramo - Università degli studi;Abruzzo;SUD;91-100;M;128
2022;06701;Teramo - Università degli studi;Abruzzo;SUD;66-90;M;30
2022;06701;Teramo - Università degli studi;Abruzzo;SUD;106-110;F;99
2022;06701;Teramo - Università degli studi;Abruzzo;SUD;66-90;F;24
2022;06901;Chieti e Pescara - Università degli studi Gabriele D'Annunzio;Abruzzo;SUD;voto non previsto;M;1
2022;06901;Chieti e Pescara - Università degli studi Gabriele D'Annunzio;Abruzzo;SUD;91-100;F;771
2022;06901;Chieti e Pescara - Università degli studi Gabriele D'Annunzio;Abruzzo;SUD;106-110;F;628
2022;06901;Chieti e Pescara - Università degli studi Gabriele D'Annunzio;Abruzzo;SUD;66-90;F;190
2022;06901;Chieti e Pescara - Università degli studi Gabriele D'Annunzio;Abruzzo;SUD;101-105;F;593
2022;06901;Chieti e Pescara - Università degli studi Gabriele D'Annunzio;Abruzzo;SUD;106-110;M;232
2022;06901;Chieti e Pescara - Università degli studi Gabriele D'Annunzio;Abruzzo;SUD;91-100;M;424
2022;06901;Chieti e Pescara - Università degli studi Gabriele D'Annunzio;Abruzzo;SUD;101-105;M;266
2022;06901;Chieti e Pescara - Università degli studi Gabriele D'Annunzio;Abruzzo;SUD;110 e lode;M;297
2022;06901;Chieti e Pescara - Università degli studi Gabriele D'Annunzio;Abruzzo;SUD;voto non previsto;F;4
2022;06901;Chieti e Pescara - Università degli studi Gabriele D'Annunzio;Abruzzo;SUD;110 e lode;F;729
2022;06901;Chieti e Pescara - Università degli studi Gabriele D'Annunzio;Abruzzo;SUD;66-90;M;199
2022;06902;"Torrevecchia Teatina (CH) - Università telematica ""Leonardo da Vinci""";Abruzzo;SUD;101-105;M;1
2022;06902;"Torrevecchia Teatina (CH) - Università telematica ""Leonardo da Vinci""";Abruzzo;SUD;66-90;F;1
2022;06902;"Torrevecchia Teatina (CH) - Università telematica ""Leonardo da Vinci""";Abruzzo;SUD;91-100;M;1
2022;06902;"Torrevecchia Teatina (CH) - Università telematica ""Leonardo da Vinci""";Abruzzo;SUD;106-110;F;1
2022;07001;Campobasso - Università degli studi del Molise;Molise;SUD;101-105;F;116
2022;07001;Campobasso - Università degli studi del Molise;Molise;SUD;91-100;F;142
2022;07001;Campobasso - Università degli studi del Molise;Molise;SUD;106-110;M;87
2022;07001;Campobasso - Università degli studi del Molise;Molise;SUD;91-100;M;111
2022;07001;Campobasso - Università degli studi del Molise;Molise;SUD;66-90;F;44
2022;07001;Campobasso - Università degli studi del Molise;Molise;SUD;110 e lode;M;118
2022;07001;Campobasso - Università degli studi del Molise;Molise;SUD;66-90;M;31
2022;07001;Campobasso - Università degli studi del Molise;Molise;SUD;101-105;M;77
2022;07001;Campobasso - Università degli studi del Molise;Molise;SUD;106-110;F;190
2022;07001;Campobasso - Università degli studi del Molise;Molise;SUD;110 e lode;F;230
2022;07101;Foggia - Università degli studi;Puglia;SUD;91-100;F;168
2022;07101;Foggia - Università degli studi;Puglia;SUD;101-105;F;184
2022;07101;Foggia - Università degli studi;Puglia;SUD;110 e lode;F;531
2022;07101;Foggia - Università degli studi;Puglia;SUD;66-90;M;39
2022;07101;Foggia - Università degli studi;Puglia;SUD;106-110;F;301
2022;07101;Foggia - Università degli studi;Puglia;SUD;110 e lode;M;203
2022;07101;Foggia - Università degli studi;Puglia;SUD;106-110;M;147
2022;07101;Foggia - Università degli studi;Puglia;SUD;91-100;M;101
2022;07101;Foggia - Università degli studi;Puglia;SUD;101-105;M;95
2022;07101;Foggia - Università degli studi;Puglia;SUD;66-90;F;36
2022;07201;Bari - Università degli studi;Puglia;SUD;91-100;M;683
2022;07201;Bari - Università degli studi;Puglia;SUD;110 e lode;F;1290
2022;07201;Bari - Università degli studi;Puglia;SUD;66-90;F;207
2022;07201;Bari - Università degli studi;Puglia;SUD;106-110;M;520
2022;07201;Bari - Università degli studi;Puglia;SUD;110 e lode;M;568
2022;07201;Bari - Università degli studi;Puglia;SUD;101-105;F;858
2022;07201;Bari - Università degli studi;Puglia;SUD;91-100;F;960
2022;07201;Bari - Università degli studi;Puglia;SUD;101-105;M;422
2022;07201;Bari - Università degli studi;Puglia;SUD;66-90;M;178
2022;07201;Bari - Università degli studi;Puglia;SUD;voto non previsto;F;2
2022;07201;Bari - Università degli studi;Puglia;SUD;106-110;F;1202
2022;07202;Bari - Politecnico;Puglia;SUD;106-110;M;275
2022;07202;Bari - Politecnico;Puglia;SUD;110 e lode;F;226
2022;07202;Bari - Politecnico;Puglia;SUD;91-100;F;119
2022;07202;Bari - Politecnico;Puglia;SUD;101-105;F;90
2022;07202;Bari - Politecnico;Puglia;SUD;66-90;F;30
2022;07202;Bari - Politecnico;Puglia;SUD;91-100;M;328
2022;07202;Bari - Politecnico;Puglia;SUD;110 e lode;M;282
2022;07202;Bari - Politecnico;Puglia;SUD;101-105;M;217
2022;07202;Bari - Politecnico;Puglia;SUD;106-110;F;177
2022;07202;Bari - Politecnico;Puglia;SUD;66-90;M;124
2022;07203;"Casamassima - Libera Università Mediterranea ""Giuseppe Degennaro""";Puglia;SUD;106-110;M;39
2022;07203;"Casamassima - Libera Università Mediterranea ""Giuseppe Degennaro""";Puglia;SUD;101-105;M;38
2022;07203;"Casamassima - Libera Università Mediterranea ""Giuseppe Degennaro""";Puglia;SUD;91-100;M;81
2022;07203;"Casamassima - Libera Università Mediterranea ""Giuseppe Degennaro""";Puglia;SUD;66-90;F;15
2022;07203;"Casamassima - Libera Università Mediterranea ""Giuseppe Degennaro""";Puglia;SUD;91-100;F;52
2022;07203;"Casamassima - Libera Università Mediterranea ""Giuseppe Degennaro""";Puglia;SUD;106-110;F;45
2022;07203;"Casamassima - Libera Università Mediterranea ""Giuseppe Degennaro""";Puglia;SUD;110 e lode;F;67
2022;07203;"Casamassima - Libera Università Mediterranea ""Giuseppe Degennaro""";Puglia;SUD;110 e lode;M;39
2022;07203;"Casamassima - Libera Università Mediterranea ""Giuseppe Degennaro""";Puglia;SUD;66-90;M;40
2022;07203;"Casamassima - Libera Università Mediterranea ""Giuseppe Degennaro""";Puglia;SUD;101-105;F;25
2022;07501;Lecce - Università del Salento;Puglia;SUD;101-105;M;191
2022;07501;Lecce - Università del Salento;Puglia;SUD;66-90;M;62
2022;07501;Lecce - Università del Salento;Puglia;SUD;91-100;M;281
2022;07501;Lecce - Università del Salento;Puglia;SUD;101-105;F;342
2022;07501;Lecce - Università del Salento;Puglia;SUD;106-110;M;210
2022;07501;Lecce - Università del Salento;Puglia;SUD;110 e lode;M;297
2022;07501;Lecce - Università del Salento;Puglia;SUD;91-100;F;388
2022;07501;Lecce - Università del Salento;Puglia;SUD;110 e lode;F;645
2022;07501;Lecce - Università del Salento;Puglia;SUD;66-90;F;68
2022;07501;Lecce - Università del Salento;Puglia;SUD;106-110;F;443
2022;07601;Potenza - Università degli studi della Basilicata;Basilicata;SUD;66-90;M;67
2022;07601;Potenza - Università degli studi della Basilicata;Basilicata;SUD;106-110;M;56
2022;07601;Potenza - Università degli studi della Basilicata;Basilicata;SUD;91-100;F;107
2022;07601;Potenza - Università degli studi della Basilicata;Basilicata;SUD;101-105;F;102
2022;07601;Potenza - Università degli studi della Basilicata;Basilicata;SUD;110 e lode;F;146
2022;07601;Potenza - Università degli studi della Basilicata;Basilicata;SUD;106-110;F;101
2022;07601;Potenza - Università degli studi della Basilicata;Basilicata;SUD;66-90;F;49
2022;07601;Potenza - Università degli studi della Basilicata;Basilicata;SUD;91-100;M;94
2022;07601;Potenza - Università degli studi della Basilicata;Basilicata;SUD;110 e lode;M;92
2022;07601;Potenza - Università degli studi della Basilicata;Basilicata;SUD;101-105;M;54
2022;07801;Arcavacata di Rende - Università della Calabria;Calabria;SUD;106-110;F;420
2022;07801;Arcavacata di Rende - Università della Calabria;Calabria;SUD;66-90;F;253
2022;07801;Arcavacata di Rende - Università della Calabria;Calabria;SUD;66-90;M;298
2022;07801;Arcavacata di Rende - Università della Calabria;Calabria;SUD;110 e lode;F;497
2022;07801;Arcavacata di Rende - Università della Calabria;Calabria;SUD;101-105;F;433
2022;07801;Arcavacata di Rende - Università della Calabria;Calabria;SUD;110 e lode;M;292
2022;07801;Arcavacata di Rende - Università della Calabria;Calabria;SUD;91-100;M;388
2022;07801;Arcavacata di Rende - Università della Calabria;Calabria;SUD;106-110;M;257
2022;07801;Arcavacata di Rende - Università della Calabria;Calabria;SUD;101-105;M;244
2022;07801;Arcavacata di Rende - Università della Calabria;Calabria;SUD;91-100;F;487
2022;07901;"Catanzaro - Università degli studi ""Magna Grecia""";Calabria;SUD;110 e lode;F;272
2022;07901;"Catanzaro - Università degli studi ""Magna Grecia""";Calabria;SUD;106-110;M;155
2022;07901;"Catanzaro - Università degli studi ""Magna Grecia""";Calabria;SUD;101-105;M;94
2022;07901;"Catanzaro - Università degli studi ""Magna Grecia""";Calabria;SUD;91-100;M;151
2022;07901;"Catanzaro - Università degli studi ""Magna Grecia""";Calabria;SUD;66-90;M;62
2022;07901;"Catanzaro - Università degli studi ""Magna Grecia""";Calabria;SUD;106-110;F;320
2022;07901;"Catanzaro - Università degli studi ""Magna Grecia""";Calabria;SUD;66-90;F;73
2022;07901;"Catanzaro - Università degli studi ""Magna Grecia""";Calabria;SUD;110 e lode;M;97
2022;07901;"Catanzaro - Università degli studi ""Magna Grecia""";Calabria;SUD;101-105;F;207
2022;07901;"Catanzaro - Università degli studi ""Magna Grecia""";Calabria;SUD;91-100;F;212
2022;08001;Reggio Calabria - Università degli studi Mediterranea;Calabria;SUD;101-105;M;36
2022;08001;Reggio Calabria - Università degli studi Mediterranea;Calabria;SUD;106-110;F;47
2022;08001;Reggio Calabria - Università degli studi Mediterranea;Calabria;SUD;voto non previsto;M;1
2022;08001;Reggio Calabria - Università degli studi Mediterranea;Calabria;SUD;66-90;F;24
2022;08001;Reggio Calabria - Università degli studi Mediterranea;Calabria;SUD;110 e lode;M;85
2022;08001;Reggio Calabria - Università degli studi Mediterranea;Calabria;SUD;91-100;M;79
2022;08001;Reggio Calabria - Università degli studi Mediterranea;Calabria;SUD;91-100;F;67
2022;08001;Reggio Calabria - Università degli studi Mediterranea;Calabria;SUD;101-105;F;41
2022;08001;Reggio Calabria - Università degli studi Mediterranea;Calabria;SUD;66-90;M;55
2022;08001;Reggio Calabria - Università degli studi Mediterranea;Calabria;SUD;110 e lode;F;82
2022;08001;Reggio Calabria - Università degli studi Mediterranea;Calabria;SUD;106-110;M;50
2022;08003;Reggio Calabria - Università per Stranieri;Calabria;SUD;91-100;M;9
2022;08003;Reggio Calabria - Università per Stranieri;Calabria;SUD;91-100;F;37
2022;08003;Reggio Calabria - Università per Stranieri;Calabria;SUD;101-105;F;24
2022;08003;Reggio Calabria - Università per Stranieri;Calabria;SUD;110 e lode;M;2
2022;08003;Reggio Calabria - Università per Stranieri;Calabria;SUD;66-90;M;1
2022;08003;Reggio Calabria - Università per Stranieri;Calabria;SUD;101-105;M;2
2022;08003;Reggio Calabria - Università per Stranieri;Calabria;SUD;106-110;F;20
2022;08003;Reggio Calabria - Università per Stranieri;Calabria;SUD;110 e lode;F;22
2022;08003;Reggio Calabria - Università per Stranieri;Calabria;SUD;66-90;F;3
2022;08003;Reggio Calabria - Università per Stranieri;Calabria;SUD;106-110;M;2
2022;08201;Palermo - Università degli studi;Sicilia;ISOLE;106-110;F;1020
2022;08201;Palermo - Università degli studi;Sicilia;ISOLE;110 e lode;F;2035
2022;08201;Palermo - Università degli studi;Sicilia;ISOLE;66-90;F;196
2022;08201;Palermo - Università degli studi;Sicilia;ISOLE;106-110;M;550
2022;08201;Palermo - Università degli studi;Sicilia;ISOLE;101-105;M;389
2022;08201;Palermo - Università degli studi;Sicilia;ISOLE;110 e lode;M;942
2022;08201;Palermo - Università degli studi;Sicilia;ISOLE;91-100;F;655
2022;08201;Palermo - Università degli studi;Sicilia;ISOLE;101-105;F;630
2022;08201;Palermo - Università degli studi;Sicilia;ISOLE;66-90;M;253
2022;08201;Palermo - Università degli studi;Sicilia;ISOLE;91-100;M;592
2022;08301;Messina - Università degli studi;Sicilia;ISOLE;106-110;F;478
2022;08301;Messina - Università degli studi;Sicilia;ISOLE;66-90;M;87
2022;08301;Messina - Università degli studi;Sicilia;ISOLE;91-100;M;333
2022;08301;Messina - Università degli studi;Sicilia;ISOLE;101-105;M;229
2022;08301;Messina - Università degli studi;Sicilia;ISOLE;66-90;F;71
2022;08301;Messina - Università degli studi;Sicilia;ISOLE;110 e lode;F;840
2022;08301;Messina - Università degli studi;Sicilia;ISOLE;106-110;M;222
2022;08301;Messina - Università degli studi;Sicilia;ISOLE;91-100;F;454
2022;08301;Messina - Università degli studi;Sicilia;ISOLE;110 e lode;M;413
2022;08301;Messina - Università degli studi;Sicilia;ISOLE;101-105;F;425
2022;08601;"Enna - Libera Università della Sicilia Centrale ""KORE""";Sicilia;ISOLE;101-105;M;43
2022;08601;"Enna - Libera Università della Sicilia Centrale ""KORE""";Sicilia;ISOLE;66-90;F;45
2022;08601;"Enna - Libera Università della Sicilia Centrale ""KORE""";Sicilia;ISOLE;110 e lode;F;169
2022;08601;"Enna - Libera Università della Sicilia Centrale ""KORE""";Sicilia;ISOLE;66-90;M;64
2022;08601;"Enna - Libera Università della Sicilia Centrale ""KORE""";Sicilia;ISOLE;110 e lode;M;53
2022;08601;"Enna - Libera Università della Sicilia Centrale ""KORE""";Sicilia;ISOLE;101-105;F;165
2022;08601;"Enna - Libera Università della Sicilia Centrale ""KORE""";Sicilia;ISOLE;91-100;M;117
2022;08601;"Enna - Libera Università della Sicilia Centrale ""KORE""";Sicilia;ISOLE;106-110;F;118
2022;08601;"Enna - Libera Università della Sicilia Centrale ""KORE""";Sicilia;ISOLE;91-100;F;202
2022;08601;"Enna - Libera Università della Sicilia Centrale ""KORE""";Sicilia;ISOLE;106-110;M;36
2022;08701;Catania - Università degli studi;Sicilia;ISOLE;101-105;F;616
2022;08701;Catania - Università degli studi;Sicilia;ISOLE;110 e lode;F;1170
2022;08701;Catania - Università degli studi;Sicilia;ISOLE;91-100;F;742
2022;08701;Catania - Università degli studi;Sicilia;ISOLE;101-105;M;432
2022;08701;Catania - Università degli studi;Sicilia;ISOLE;110 e lode;M;684
2022;08701;Catania - Università degli studi;Sicilia;ISOLE;91-100;M;558
2022;08701;Catania - Università degli studi;Sicilia;ISOLE;106-110;M;447
2022;08701;Catania - Università degli studi;Sicilia;ISOLE;66-90;M;164
2022;08701;Catania - Università degli studi;Sicilia;ISOLE;106-110;F;790
2022;08701;Catania - Università degli studi;Sicilia;ISOLE;66-90;F;162
2022;09001;Sassari - Università degli studi;Sardegna;ISOLE;91-100;F;261
2022;09001;Sassari - Università degli studi;Sardegna;ISOLE;106-110;M;192
2022;09001;Sassari - Università degli studi;Sardegna;ISOLE;101-105;F;236
2022;09001;Sassari - Università degli studi;Sardegna;ISOLE;101-105;M;117
2022;09001;Sassari - Università degli studi;Sardegna;ISOLE;106-110;F;341
2022;09001;Sassari - Università degli studi;Sardegna;ISOLE;66-90;M;45
2022;09001;Sassari - Università degli studi;Sardegna;ISOLE;110 e lode;F;418
2022;09001;Sassari - Università degli studi;Sardegna;ISOLE;66-90;F;55
2022;09001;Sassari - Università degli studi;Sardegna;ISOLE;91-100;M;121
2022;09001;Sassari - Università degli studi;Sardegna;ISOLE;110 e lode;M;204
2022;09201;Cagliari - Università degli studi;Sardegna;ISOLE;101-105;F;357
2022;09201;Cagliari - Università degli studi;Sardegna;ISOLE;106-110;F;473
2022;09201;Cagliari - Università degli studi;Sardegna;ISOLE;66-90;F;96
2022;09201;Cagliari - Università degli studi;Sardegna;ISOLE;110 e lode;M;412
2022;09201;Cagliari - Università degli studi;Sardegna;ISOLE;66-90;M;106
2022;09201;Cagliari - Università degli studi;Sardegna;ISOLE;110 e lode;F;701
2022;09201;Cagliari - Università degli studi;Sardegna;ISOLE;91-100;F;398
2022;09201;Cagliari - Università degli studi;Sardegna;ISOLE;voto non previsto;M;1
2022;09201;Cagliari - Università degli studi;Sardegna;ISOLE;voto non previsto;F;1
2022;09201;Cagliari - Università degli studi;Sardegna;ISOLE;101-105;M;196
2022;09201;Cagliari - Università degli studi;Sardegna;ISOLE;106-110;M;268
2022;09201;Cagliari - Università degli studi;Sardegna;ISOLE;91-100;M;274
